index,OverallQual,YearBuilt,YearRemodAdd,TotalBsmtSF,1stFlrSF,GrLivArea,FullBath,TotRmsAbvGrd,GarageCars,GarageArea,SalePrice,ExterQual_TA,BsmtQual_Ex,KitchenQual_Ex,KitchenQual_TA
0,7,2003,2003,856.0,856,1710,2,8,2.0,548.0,208500.0,0,0,0,0
1,6,1976,1976,1262.0,1262,1262,2,6,2.0,460.0,181500.0,1,0,0,1
2,7,2001,2002,920.0,920,1786,2,6,2.0,608.0,223500.0,0,0,0,0
3,7,1915,1970,756.0,961,1717,1,7,3.0,642.0,140000.0,1,0,0,0
4,8,2000,2000,1145.0,1145,2198,2,9,3.0,836.0,250000.0,0,0,0,0
5,5,1993,1995,796.0,796,1362,1,5,2.0,480.0,143000.0,1,0,0,1
6,8,2004,2005,1686.0,1694,1694,2,7,2.0,636.0,307000.0,0,1,0,0
7,7,1973,1973,1107.0,1107,2090,2,7,2.0,484.0,200000.0,1,0,0,1
8,7,1931,1950,952.0,1022,1774,2,8,2.0,468.0,129900.0,1,0,0,1
9,5,1939,1950,991.0,1077,1077,1,5,1.0,205.0,118000.0,1,0,0,1
10,5,1965,1965,1040.0,1040,1040,1,5,1.0,384.0,129500.0,1,0,0,1
11,9,2005,2006,1175.0,1182,2324,3,11,3.0,736.0,345000.0,0,1,1,0
12,5,1962,1962,912.0,912,912,1,4,1.0,352.0,144000.0,1,0,0,1
13,7,2006,2007,1494.0,1494,1494,2,7,3.0,840.0,279500.0,0,0,0,0
14,6,1960,1960,1253.0,1253,1253,1,5,1.0,352.0,157000.0,1,0,0,1
15,7,1929,2001,832.0,854,854,1,5,2.0,576.0,132000.0,1,0,0,1
16,6,1970,1970,1004.0,1004,1004,1,5,2.0,480.0,149000.0,1,0,0,1
17,4,1967,1967,0.0,1296,1296,2,6,2.0,516.0,90000.0,1,0,0,1
18,5,2004,2004,1114.0,1114,1114,1,6,2.0,576.0,159000.0,1,0,0,0
19,5,1958,1965,1029.0,1339,1339,1,6,1.0,294.0,139000.0,1,0,0,1
20,8,2005,2006,1158.0,1158,2376,3,9,3.0,853.0,325300.0,0,1,0,0
21,7,1930,1950,637.0,1108,1108,1,6,1.0,280.0,139400.0,1,0,0,0
22,8,2002,2002,1777.0,1795,1795,2,7,2.0,534.0,230000.0,0,0,0,0
23,5,1976,1976,1040.0,1060,1060,1,6,2.0,572.0,129900.0,1,0,0,1
24,5,1968,2001,1060.0,1060,1060,1,6,1.0,270.0,154000.0,1,0,0,0
25,8,2007,2007,1566.0,1600,1600,2,7,3.0,890.0,256300.0,0,0,0,0
26,5,1951,2000,900.0,900,900,1,5,2.0,576.0,134800.0,1,0,0,0
27,8,2007,2008,1704.0,1704,1704,2,7,3.0,772.0,306000.0,0,1,0,0
28,5,1957,1997,1484.0,1600,1600,1,6,1.0,319.0,207500.0,1,0,0,1
29,4,1927,1950,520.0,520,520,1,4,1.0,240.0,68500.0,1,0,0,0
30,4,1920,1950,649.0,649,1317,1,6,1.0,250.0,40000.0,1,0,0,1
31,5,1966,2006,1228.0,1228,1228,1,6,1.0,271.0,149350.0,1,0,0,0
32,8,2007,2007,1234.0,1234,1234,2,7,2.0,484.0,179900.0,0,1,0,0
33,5,1959,1959,1398.0,1700,1700,1,6,2.0,447.0,165500.0,1,0,0,0
34,9,2005,2005,1561.0,1561,1561,2,6,2.0,556.0,277500.0,0,1,1,0
35,8,2004,2005,1117.0,1132,2452,3,9,3.0,691.0,309000.0,0,1,0,0
36,5,1994,1995,1097.0,1097,1097,1,6,2.0,672.0,145000.0,1,0,0,1
37,5,1954,1990,1297.0,1297,1297,1,5,2.0,498.0,153000.0,1,0,0,1
38,5,1953,2007,1057.0,1057,1057,1,5,1.0,246.0,109000.0,1,0,0,0
39,4,1955,1955,0.0,1152,1152,2,6,0.0,0.0,82000.0,1,0,0,0
40,6,1965,1965,1088.0,1324,1324,2,6,2.0,440.0,160000.0,1,0,0,1
41,5,1959,1959,1350.0,1328,1328,1,5,1.0,308.0,170000.0,1,0,0,1
42,5,1983,1983,840.0,884,884,1,5,2.0,504.0,144000.0,1,0,0,0
43,5,1975,1980,938.0,938,938,1,5,1.0,308.0,130250.0,1,0,0,1
44,5,1959,1959,1150.0,1150,1150,1,6,1.0,300.0,141000.0,1,0,0,1
45,9,2005,2005,1752.0,1752,1752,2,6,2.0,576.0,319900.0,0,1,1,0
46,7,2003,2003,1434.0,1518,2149,1,6,2.0,670.0,239686.0,0,1,0,0
47,8,2006,2006,1656.0,1656,1656,2,7,3.0,826.0,249700.0,0,0,0,0
48,4,1920,2008,736.0,736,1452,2,8,0.0,0.0,113000.0,1,0,0,1
49,5,1966,1966,955.0,955,955,1,6,1.0,386.0,127000.0,1,0,0,1
50,6,1997,1997,794.0,794,1470,2,6,2.0,388.0,177000.0,1,0,0,1
51,6,1934,1950,816.0,816,1176,1,6,2.0,528.0,114500.0,1,0,0,1
52,5,1963,1963,816.0,816,816,1,5,2.0,516.0,110000.0,0,0,0,1
53,9,1981,1987,1842.0,1842,1842,0,5,3.0,894.0,385000.0,0,1,0,0
54,5,1955,1955,384.0,1360,1360,1,6,2.0,572.0,130000.0,1,0,0,1
55,6,1964,1964,1425.0,1425,1425,2,7,2.0,576.0,180500.0,1,0,0,1
56,8,1999,2000,970.0,983,1739,2,7,2.0,480.0,172500.0,0,0,0,0
57,7,2004,2004,860.0,860,1720,2,7,2.0,565.0,196500.0,0,0,0,0
58,10,2006,2006,1410.0,1426,2945,3,10,3.0,641.0,438780.0,0,1,0,0
59,5,1972,1972,780.0,780,780,1,4,1.0,352.0,124900.0,1,0,0,1
60,6,2004,2004,1158.0,1158,1158,1,5,2.0,576.0,158000.0,1,0,0,0
61,5,1920,1996,530.0,581,1111,1,6,1.0,288.0,101000.0,1,0,0,0
62,8,2006,2006,1370.0,1370,1370,2,6,2.0,484.0,202500.0,0,0,0,0
63,7,1921,1950,576.0,902,1710,2,9,2.0,480.0,140000.0,1,0,0,1
64,7,1997,1998,1057.0,1057,2034,2,8,2.0,645.0,219500.0,1,0,0,0
65,8,2004,2005,1143.0,1143,2473,2,9,3.0,852.0,317000.0,0,1,0,0
66,7,1970,1989,1947.0,2207,2207,2,7,2.0,576.0,180000.0,1,0,0,1
67,7,2003,2003,1453.0,1479,1479,2,7,2.0,558.0,226000.0,0,0,0,0
68,4,1945,1950,747.0,747,747,1,4,1.0,220.0,80000.0,1,0,0,1
69,7,1953,1953,1304.0,1304,2287,2,7,2.0,667.0,225000.0,0,0,0,1
70,7,1973,1973,2223.0,2223,2223,2,8,2.0,516.0,244000.0,1,0,0,1
71,4,1982,2006,845.0,845,845,1,4,2.0,360.0,129500.0,1,0,0,1
72,7,1998,1998,832.0,885,1718,2,7,2.0,427.0,185000.0,1,0,0,1
73,5,1954,2003,1086.0,1086,1086,1,6,2.0,490.0,144900.0,1,0,0,1
74,3,1915,1950,840.0,840,1605,2,8,1.0,379.0,107400.0,0,0,0,1
75,4,1973,1973,462.0,526,988,1,5,1.0,297.0,91000.0,1,0,0,1
76,4,1956,1956,952.0,952,952,1,4,1.0,283.0,135750.0,1,0,0,1
77,5,1948,2001,672.0,1072,1285,1,6,1.0,240.0,127000.0,1,0,0,1
78,4,1968,1968,1768.0,1768,1768,2,8,0.0,0.0,136500.0,1,0,0,1
79,5,1910,1981,440.0,682,1230,1,5,2.0,440.0,110000.0,1,0,0,1
80,6,1968,1968,896.0,1182,2142,2,8,1.0,509.0,193500.0,1,0,0,0
81,6,1998,1998,1237.0,1337,1337,2,5,2.0,405.0,153500.0,1,1,0,1
82,8,2007,2007,1563.0,1563,1563,2,6,3.0,758.0,245000.0,1,0,0,0
83,5,1960,1960,1065.0,1065,1065,1,6,2.0,461.0,126500.0,1,0,0,1
84,7,1995,1996,384.0,804,1474,2,7,2.0,400.0,168500.0,1,0,0,1
85,8,1991,1992,1288.0,1301,2417,2,9,2.0,462.0,260000.0,0,0,0,0
86,6,2005,2005,684.0,684,1560,2,6,2.0,400.0,174000.0,0,0,0,0
87,6,2009,2009,612.0,612,1224,2,4,2.0,528.0,164500.0,0,0,0,0
88,3,1915,1982,1013.0,1013,1526,1,6,0.0,0.0,85000.0,0,0,0,0
89,4,1994,1995,990.0,990,990,1,5,0.0,0.0,123600.0,1,0,0,1
90,4,1950,1950,0.0,1040,1040,1,4,2.0,420.0,109900.0,1,0,0,1
91,5,1961,1961,1235.0,1235,1235,1,6,2.0,480.0,98600.0,1,0,0,1
92,5,1921,2006,876.0,964,964,1,5,2.0,432.0,163500.0,1,0,0,1
93,6,1910,1998,1214.0,1260,2291,2,9,2.0,506.0,133900.0,1,0,0,1
94,6,1997,1997,824.0,905,1786,2,7,2.0,684.0,204750.0,1,0,0,0
95,6,1993,1993,680.0,680,1470,2,6,2.0,420.0,185000.0,0,0,0,1
96,7,1999,1999,1588.0,1588,1588,2,6,2.0,472.0,214000.0,0,0,0,0
97,4,1965,1965,960.0,960,960,1,6,1.0,432.0,94750.0,1,0,0,1
98,5,1920,1950,458.0,835,835,1,5,1.0,366.0,83000.0,1,0,0,1
99,4,1959,1959,950.0,1225,1225,1,6,0.0,0.0,128950.0,1,0,0,1
100,6,1977,2001,1610.0,1610,1610,2,6,2.0,480.0,205000.0,1,0,0,0
101,6,1985,1985,741.0,977,1732,2,7,2.0,476.0,178000.0,0,0,0,0
102,5,1979,1979,0.0,1535,1535,2,8,2.0,410.0,118964.0,1,0,0,1
103,7,2009,2009,1226.0,1226,1226,2,6,3.0,740.0,198900.0,1,0,0,0
104,7,1931,1950,1040.0,1226,1818,1,7,1.0,240.0,169500.0,1,0,0,1
105,8,2003,2004,1053.0,1053,1992,2,9,2.0,648.0,250000.0,0,1,0,0
106,4,1885,1995,641.0,1047,1047,1,6,1.0,273.0,100000.0,1,0,0,1
107,5,1948,1950,789.0,789,789,1,5,1.0,250.0,115000.0,1,0,0,1
108,5,1919,2005,793.0,997,1517,2,7,0.0,0.0,115000.0,1,0,0,0
109,6,1977,1977,1844.0,1844,1844,2,7,2.0,546.0,190000.0,1,0,0,1
110,6,1954,1972,994.0,1216,1855,2,7,1.0,325.0,136900.0,1,0,0,1
111,7,2000,2000,384.0,774,1430,2,7,2.0,400.0,180000.0,1,0,0,1
112,7,2007,2007,1264.0,1282,2696,2,10,3.0,792.0,383970.0,0,1,1,0
113,6,1953,1953,1809.0,2259,2259,2,7,2.0,450.0,217000.0,1,0,0,0
114,6,1945,2002,1028.0,1436,2320,2,9,1.0,180.0,259500.0,1,0,0,0
115,6,1999,1999,729.0,729,1458,2,5,2.0,440.0,176000.0,1,0,0,1
116,5,1962,1962,1092.0,1092,1092,1,6,1.0,288.0,139000.0,1,0,0,1
117,5,2006,2007,1125.0,1125,1125,1,5,2.0,430.0,155000.0,1,0,0,1
118,7,1990,1990,1673.0,1699,3222,3,11,3.0,594.0,320000.0,1,0,0,0
119,6,2005,2006,728.0,728,1456,2,8,2.0,390.0,163990.0,0,0,0,0
120,6,1969,1969,938.0,988,988,1,4,2.0,540.0,180000.0,1,0,0,1
121,4,1939,1950,732.0,772,1123,1,4,1.0,264.0,100000.0,1,0,0,1
122,6,1958,1958,1080.0,1080,1080,1,5,1.0,288.0,136000.0,1,0,0,1
123,6,1993,1993,1199.0,1199,1199,2,5,2.0,530.0,153900.0,0,0,0,0
124,6,1979,1998,1362.0,1586,1586,2,7,2.0,435.0,181000.0,1,0,0,1
125,6,1935,1982,520.0,520,754,1,5,0.0,0.0,84500.0,1,0,0,1
126,6,1976,1976,1078.0,958,958,2,5,2.0,440.0,128000.0,1,0,0,1
127,5,1930,1950,672.0,840,840,1,5,0.0,0.0,87000.0,1,0,0,1
128,6,1966,1966,660.0,660,1348,1,6,2.0,453.0,155000.0,1,0,0,1
129,5,1958,1991,1008.0,1053,1053,1,6,2.0,750.0,150000.0,1,0,1,0
130,7,1966,1966,924.0,1216,2157,2,8,2.0,487.0,226000.0,1,0,0,0
131,6,2000,2000,992.0,1022,2054,2,7,2.0,390.0,244000.0,0,0,0,0
132,5,1959,2002,1063.0,1327,1327,1,7,2.0,624.0,150750.0,1,0,0,0
133,8,2001,2002,1267.0,1296,1296,2,6,2.0,471.0,220000.0,0,1,0,0
134,5,1968,1993,1461.0,1721,1721,2,7,2.0,440.0,180000.0,1,0,0,1
135,7,1970,1970,1304.0,1682,1682,2,7,2.0,530.0,174000.0,1,0,0,1
136,5,1967,1967,1214.0,1214,1214,2,5,1.0,318.0,143000.0,1,0,0,1
137,7,1988,1989,1907.0,1959,1959,3,9,3.0,766.0,171000.0,1,0,0,1
138,8,1999,2000,1004.0,1004,1852,2,7,3.0,660.0,230000.0,0,0,0,0
139,6,1997,1997,928.0,928,1764,2,7,2.0,470.0,231500.0,1,0,0,0
140,4,1971,1971,864.0,864,864,1,5,0.0,0.0,115000.0,1,0,0,1
141,7,2005,2005,1734.0,1734,1734,2,7,2.0,660.0,260000.0,0,0,0,0
142,5,1952,1952,910.0,910,1385,2,6,2.0,720.0,166000.0,1,0,0,1
143,7,1999,1999,1490.0,1501,1501,2,6,2.0,577.0,204000.0,0,0,0,0
144,5,1963,1963,1728.0,1728,1728,2,10,2.0,504.0,125000.0,1,0,0,1
145,6,2004,2006,970.0,970,1709,2,7,2.0,380.0,130000.0,0,0,0,0
146,5,1931,1993,715.0,875,875,1,5,1.0,180.0,105000.0,1,0,0,1
147,7,2001,2001,884.0,884,2035,2,8,2.0,434.0,222500.0,0,0,0,0
148,7,2004,2005,1080.0,1080,1080,1,6,0.0,0.0,141000.0,1,0,0,0
149,5,1936,1950,896.0,896,1344,1,7,1.0,240.0,115000.0,1,0,0,1
150,5,1975,1975,969.0,969,969,1,5,2.0,440.0,122000.0,1,0,0,1
151,8,2007,2008,1710.0,1710,1710,2,6,3.0,866.0,372402.0,0,1,0,0
152,6,1971,1971,825.0,1097,1993,2,8,2.0,495.0,190000.0,1,0,0,1
153,6,1960,1975,1602.0,1252,1252,1,4,2.0,564.0,235000.0,1,0,0,1
154,6,1923,1950,1200.0,1200,1200,1,7,1.0,312.0,125000.0,1,0,0,1
155,6,1924,1950,572.0,572,1096,1,5,0.0,0.0,79000.0,1,0,0,1
156,5,1950,1950,0.0,1040,1040,1,5,2.0,625.0,109500.0,1,0,0,1
157,8,2009,2010,774.0,774,1968,2,8,3.0,680.0,269500.0,0,1,1,0
158,7,2004,2005,991.0,991,1947,2,8,2.0,678.0,254900.0,0,0,0,0
159,7,2005,2006,1392.0,1392,2462,2,9,2.0,576.0,320000.0,0,0,0,0
160,6,1984,1984,1232.0,1232,1232,2,6,2.0,516.0,162500.0,1,0,0,1
161,9,2003,2004,1572.0,1572,2668,2,10,3.0,726.0,412500.0,0,1,1,0
162,7,2005,2005,1541.0,1541,1541,2,7,2.0,532.0,220000.0,0,0,0,0
163,4,1956,1956,882.0,882,882,1,4,0.0,0.0,103200.0,1,0,0,1
164,6,1926,2004,1149.0,1149,1616,2,5,1.0,216.0,152000.0,1,0,0,0
165,5,1940,1999,644.0,808,1355,2,6,0.0,0.0,127500.0,1,0,0,1
166,5,1955,1993,1617.0,1867,1867,1,7,1.0,303.0,190000.0,0,0,0,1
167,8,2007,2007,1582.0,1610,2161,1,8,3.0,789.0,325624.0,0,1,1,0
168,7,2004,2004,840.0,840,1720,2,7,2.0,440.0,183500.0,0,0,0,0
169,8,1981,1981,1686.0,1707,1707,2,6,2.0,511.0,228000.0,0,0,0,1
170,5,1941,1950,720.0,854,1382,1,7,2.0,660.0,128500.0,1,0,0,1
171,6,1960,1960,1080.0,1656,1656,1,7,2.0,528.0,215000.0,1,0,0,1
172,7,1987,1987,1064.0,1064,1767,2,5,2.0,504.0,239000.0,0,0,0,0
173,6,1961,1961,1362.0,1362,1362,1,6,2.0,504.0,163000.0,1,0,0,1
174,6,1986,1986,1606.0,1651,1651,2,7,2.0,616.0,184000.0,1,0,0,1
175,6,1950,2001,1202.0,2158,2158,2,7,2.0,576.0,243000.0,1,0,0,0
176,6,1988,1989,1151.0,1164,2060,2,8,2.0,521.0,211000.0,0,0,0,1
177,5,1958,1958,1052.0,1252,1920,2,8,2.0,451.0,172500.0,0,0,0,0
178,9,2008,2009,2216.0,2234,2234,2,9,3.0,1166.0,501837.0,0,1,1,0
179,5,1923,2006,968.0,968,968,1,5,2.0,480.0,100000.0,0,0,0,1
180,6,2000,2000,756.0,769,1525,2,5,2.0,440.0,177000.0,0,0,0,0
181,7,1920,1950,793.0,901,1802,1,9,1.0,216.0,200100.0,1,0,0,1
182,5,1957,2006,0.0,1340,1340,1,7,1.0,252.0,120000.0,1,0,0,1
183,7,2003,2003,1362.0,1362,2082,2,6,2.0,484.0,200000.0,1,0,0,0
184,5,1908,1991,504.0,936,1252,1,5,2.0,576.0,127000.0,1,0,0,1
185,10,1892,1993,1107.0,1518,3608,2,12,3.0,840.0,475000.0,0,0,1,0
186,7,1990,1991,1188.0,1217,1217,2,6,2.0,497.0,173000.0,1,0,0,0
187,5,1916,1987,660.0,808,1656,2,8,1.0,180.0,135000.0,1,0,0,1
188,5,1979,1979,1086.0,1224,1224,0,6,2.0,528.0,153337.0,1,0,0,1
189,8,2001,2002,1593.0,1593,1593,1,5,2.0,682.0,286000.0,0,1,1,0
190,8,1932,1994,853.0,1549,2727,2,10,2.0,440.0,315000.0,0,0,0,0
191,7,1972,2004,725.0,725,1479,1,7,2.0,484.0,184000.0,1,0,0,0
192,7,1999,1999,1431.0,1431,1431,2,6,2.0,666.0,192000.0,0,0,0,0
193,7,2004,2004,970.0,970,1709,2,7,2.0,380.0,130000.0,0,0,0,0
194,5,1972,1972,864.0,864,864,1,5,1.0,352.0,127000.0,1,0,0,1
195,6,1976,1976,855.0,855,1456,2,7,2.0,440.0,148500.0,1,0,0,1
196,7,2007,2007,1726.0,1726,1726,2,8,3.0,786.0,311872.0,0,1,1,0
197,8,1918,1990,1360.0,1360,3112,2,8,2.0,795.0,235000.0,0,0,0,0
198,6,1912,1950,755.0,929,2229,1,8,0.0,0.0,104000.0,1,0,0,1
199,8,2004,2005,1713.0,1713,1713,2,7,3.0,856.0,274900.0,0,1,1,0
200,4,2003,2004,1121.0,1121,1121,2,5,2.0,440.0,140000.0,1,0,0,1
201,6,1977,1977,1196.0,1279,1279,2,6,2.0,473.0,171500.0,1,0,0,1
202,6,1924,1950,617.0,865,1310,2,6,1.0,398.0,112000.0,1,0,0,1
203,6,2004,2004,848.0,848,848,1,3,2.0,420.0,149000.0,0,0,0,0
204,5,1947,1950,720.0,720,1284,1,5,1.0,240.0,110000.0,1,0,0,1
205,7,1990,1990,1424.0,1442,1442,2,5,2.0,500.0,180500.0,1,0,0,1
206,5,1962,1962,1140.0,1696,1696,1,8,1.0,349.0,143900.0,1,0,0,1
207,4,1960,1960,1100.0,1100,1100,1,6,1.0,312.0,141000.0,1,0,0,1
208,7,1988,1989,1157.0,1180,2062,2,7,2.0,454.0,277000.0,0,0,0,1
209,6,1964,1964,1092.0,1092,1092,1,6,2.0,504.0,145000.0,1,0,0,1
210,5,1925,1950,864.0,864,864,1,5,0.0,0.0,98000.0,1,0,0,1
211,6,2009,2009,1212.0,1212,1212,2,6,2.0,460.0,186000.0,1,0,0,0
212,7,2009,2009,900.0,932,1852,2,7,2.0,644.0,252678.0,1,0,0,0
213,5,1995,1995,990.0,990,990,1,5,2.0,576.0,156000.0,1,0,0,1
214,6,1977,1977,689.0,689,1392,1,6,1.0,299.0,161750.0,1,0,0,1
215,5,1957,1996,1070.0,1236,1236,1,6,1.0,447.0,134450.0,1,0,0,0
216,7,2004,2004,1436.0,1436,1436,2,8,2.0,484.0,210000.0,0,0,0,0
217,4,1925,1950,686.0,810,1328,1,8,1.0,210.0,107000.0,1,0,0,1
218,7,1939,2006,798.0,1137,1954,1,8,2.0,431.0,311500.0,0,0,0,0
219,7,2005,2006,1248.0,1248,1248,2,5,2.0,438.0,167240.0,0,0,0,0
220,7,2006,2006,1498.0,1498,1498,2,5,2.0,675.0,204900.0,0,0,0,0
221,6,2002,2002,1010.0,1010,2267,2,8,2.0,390.0,200000.0,0,0,0,0
222,6,1975,1975,713.0,811,1552,2,6,2.0,434.0,179900.0,1,0,0,1
223,4,1971,1971,864.0,864,864,1,4,2.0,576.0,97000.0,1,0,0,1
224,10,2003,2003,2392.0,2392,2392,2,8,3.0,968.0,386250.0,0,1,1,0
225,5,1971,1971,630.0,630,1302,2,6,1.0,280.0,112000.0,1,0,0,1
226,7,1995,1995,1203.0,1214,2520,2,9,3.0,721.0,290000.0,0,0,0,0
227,6,1970,1970,483.0,483,987,1,5,1.0,280.0,106000.0,1,0,0,1
228,5,1967,1967,912.0,912,912,1,5,1.0,336.0,125000.0,1,0,0,1
229,7,2005,2006,1373.0,1555,1555,2,7,2.0,430.0,192500.0,0,0,0,0
230,6,1959,1959,1194.0,1194,1194,1,6,1.0,312.0,148000.0,1,0,0,1
231,8,1995,1996,1462.0,1490,2794,2,9,3.0,810.0,403000.0,0,0,1,0
232,6,1972,1972,483.0,483,987,1,5,1.0,288.0,94500.0,1,0,0,1
233,5,1976,1976,894.0,894,894,1,5,1.0,308.0,128200.0,1,0,0,1
234,6,2002,2002,860.0,860,1960,2,8,2.0,440.0,216500.0,0,0,0,0
235,6,1971,1971,483.0,483,987,1,5,1.0,264.0,89500.0,1,0,0,1
236,7,2004,2004,1414.0,1414,1414,2,6,2.0,494.0,185500.0,0,0,0,0
237,7,1993,2003,996.0,1014,1744,2,7,2.0,457.0,194500.0,0,0,0,0
238,8,2007,2007,1694.0,1694,1694,2,7,3.0,818.0,318000.0,0,1,0,0
239,6,1945,1950,735.0,798,1487,1,7,1.0,220.0,113000.0,1,0,0,1
240,8,2008,2008,1566.0,1566,1566,2,7,2.0,750.0,262500.0,0,0,0,0
241,5,1945,1997,686.0,866,866,1,4,0.0,0.0,110500.0,1,0,0,0
242,5,1900,1950,540.0,889,1440,1,6,1.0,352.0,79000.0,1,0,0,1
243,6,1980,1980,626.0,626,1217,1,6,1.0,288.0,120000.0,1,0,0,1
244,7,1994,2002,948.0,1222,2110,2,8,2.0,463.0,205000.0,0,0,0,0
245,7,1988,1988,1845.0,1872,1872,2,6,2.0,604.0,241500.0,1,0,0,1
246,6,1910,1950,1020.0,908,1928,2,9,1.0,440.0,137000.0,1,0,0,0
247,6,1954,1954,1367.0,1375,1375,1,5,2.0,451.0,140000.0,1,0,0,1
248,7,2003,2003,840.0,840,1668,2,8,2.0,500.0,180000.0,0,0,0,0
249,6,1958,2006,1444.0,1444,2144,2,7,2.0,389.0,277000.0,0,0,0,0
250,3,1940,1966,728.0,1306,1306,1,6,0.0,0.0,76500.0,1,0,0,0
251,8,2006,2007,1573.0,1625,1625,2,5,2.0,538.0,235000.0,0,0,0,0
252,6,2004,2004,798.0,798,1640,2,6,2.0,520.0,173000.0,0,0,0,0
253,6,1964,1991,1302.0,1302,1302,2,7,1.0,309.0,158000.0,1,0,0,0
254,5,1957,1957,1314.0,1314,1314,1,5,1.0,294.0,145000.0,1,0,0,1
255,7,1999,1999,975.0,1005,2291,2,8,2.0,429.0,230000.0,0,0,0,0
256,6,2003,2003,864.0,864,1728,2,7,2.0,673.0,207500.0,0,0,0,0
257,7,2006,2006,1604.0,1604,1604,2,8,2.0,660.0,220000.0,0,0,0,0
258,7,2001,2001,963.0,963,1792,2,7,2.0,564.0,231500.0,0,0,0,0
259,5,1956,1956,0.0,882,882,1,4,1.0,308.0,97000.0,1,0,0,1
260,6,1962,1962,1362.0,1382,1382,1,6,2.0,884.0,176000.0,1,0,0,1
261,8,2007,2007,1482.0,1482,2574,2,10,3.0,868.0,276000.0,0,1,1,0
262,6,1977,1995,506.0,1212,1212,1,6,2.0,492.0,151000.0,1,0,0,1
263,5,1929,2001,926.0,926,1316,1,6,2.0,484.0,130000.0,1,0,0,1
264,5,1925,2004,680.0,764,764,1,4,2.0,504.0,73000.0,1,0,0,1
265,6,1981,1981,1422.0,1422,1422,2,7,2.0,576.0,175500.0,1,0,0,0
266,6,1997,1997,802.0,802,1511,2,8,2.0,413.0,185000.0,1,0,0,1
267,5,1939,1997,720.0,1052,2192,2,8,1.0,240.0,179500.0,1,0,0,0
268,5,1940,1955,740.0,778,778,1,4,1.0,924.0,120500.0,1,0,0,1
269,6,1976,1976,1143.0,1113,1113,1,6,1.0,504.0,148000.0,1,0,0,1
270,8,2006,2006,1095.0,1095,1939,2,8,3.0,1053.0,266000.0,0,0,0,0
271,7,1954,2005,1385.0,1363,1363,1,5,2.0,439.0,241500.0,1,0,0,1
272,8,1999,2007,1152.0,1164,2270,2,9,3.0,671.0,290000.0,0,0,0,0
273,6,1958,1988,1240.0,1632,1632,2,6,1.0,338.0,139000.0,1,0,0,1
274,5,1982,1982,816.0,816,816,1,5,1.0,264.0,124500.0,1,0,0,1
275,7,1925,2007,952.0,952,1548,2,5,2.0,672.0,205000.0,0,0,1,0
276,7,2003,2003,1560.0,1560,1560,2,7,2.0,573.0,201000.0,0,1,0,0
277,4,1951,1951,864.0,864,864,1,4,2.0,400.0,141000.0,1,0,0,1
278,9,2006,2007,2121.0,2121,2121,2,8,3.0,732.0,415298.0,0,1,1,0
279,7,1977,1977,1160.0,1156,2022,2,8,2.0,505.0,192000.0,1,0,0,1
280,7,1989,1989,807.0,1175,1982,2,7,2.0,575.0,228500.0,0,0,0,0
281,6,2006,2006,1262.0,1262,1262,2,5,2.0,572.0,185000.0,0,0,0,0
282,7,2007,2008,1314.0,1314,1314,2,6,2.0,626.0,207500.0,0,0,0,0
283,8,2008,2009,1468.0,1468,1468,2,6,3.0,898.0,244600.0,0,0,0,0
284,6,1992,1992,1575.0,1575,1575,2,5,2.0,529.0,179200.0,0,0,0,0
285,7,2006,2007,625.0,625,1250,2,5,2.0,528.0,164700.0,0,0,0,0
286,6,1962,1981,912.0,1085,1734,1,7,2.0,440.0,159000.0,1,0,0,0
287,4,1971,1971,858.0,858,858,1,5,0.0,0.0,88000.0,1,0,0,1
288,5,1967,1967,882.0,900,900,1,5,1.0,280.0,122000.0,1,0,0,1
289,6,1915,2003,698.0,698,1396,1,7,1.0,384.0,153575.0,1,0,0,1
290,8,2006,2006,1079.0,1079,1919,2,8,2.0,685.0,233230.0,0,0,0,0
291,5,1912,2000,780.0,936,1716,2,9,0.0,0.0,135900.0,1,0,0,0
292,5,1949,2008,768.0,1148,1716,1,8,1.0,281.0,131000.0,1,0,0,1
293,7,1977,1994,795.0,1468,2263,2,9,2.0,539.0,235000.0,1,0,0,0
294,6,1953,1953,1416.0,1644,1644,1,7,2.0,418.0,167000.0,1,0,0,1
295,6,1984,1984,1003.0,1003,1003,1,6,2.0,588.0,142500.0,1,0,0,1
296,5,1950,1950,910.0,910,1558,1,6,1.0,282.0,152000.0,1,0,0,1
297,7,1997,1998,975.0,975,1950,2,7,2.0,576.0,239000.0,0,0,0,0
298,6,1968,1968,702.0,1041,1743,1,7,2.0,539.0,175000.0,0,0,0,1
299,6,1950,2004,1092.0,1152,1152,1,6,1.0,300.0,158500.0,1,0,0,0
300,5,1953,1953,1165.0,1336,1336,1,5,1.0,375.0,157000.0,1,0,0,1
301,8,1998,1999,1028.0,1210,2452,2,9,2.0,683.0,267000.0,0,0,0,0
302,7,2001,2002,1541.0,1541,1541,2,6,3.0,843.0,205000.0,0,0,0,0
303,5,1972,1972,894.0,894,894,1,5,2.0,552.0,149900.0,1,0,0,1
304,7,1880,2002,1470.0,1675,3493,3,10,3.0,870.0,295000.0,1,0,0,0
305,8,2004,2005,2000.0,2000,2000,2,8,3.0,888.0,305900.0,0,0,0,0
306,7,1990,1991,700.0,1122,2243,2,8,3.0,746.0,225000.0,0,0,0,0
307,6,1920,1950,319.0,1035,1406,1,6,0.0,0.0,89500.0,1,0,0,0
308,4,1940,1950,861.0,861,861,1,4,2.0,539.0,82500.0,1,0,0,1
309,9,2003,2004,1896.0,1944,1944,2,8,3.0,708.0,360000.0,0,1,1,0
310,6,1993,1994,697.0,697,1501,2,6,2.0,420.0,165600.0,1,0,0,0
311,6,1948,2002,972.0,972,972,1,5,1.0,240.0,132000.0,1,0,0,1
312,5,1939,1950,793.0,793,1118,1,5,2.0,410.0,119900.0,1,0,0,1
313,7,1965,1965,2136.0,2036,2036,2,8,2.0,513.0,375000.0,1,0,0,1
314,7,1925,1990,728.0,832,1641,1,6,2.0,546.0,178000.0,1,0,1,0
315,7,2004,2005,716.0,716,1432,2,6,2.0,432.0,188500.0,0,0,0,0
316,7,1980,1980,845.0,1153,2353,2,10,2.0,484.0,260000.0,0,0,1,0
317,8,2006,2006,1088.0,1088,1959,2,8,3.0,1025.0,270000.0,0,0,0,0
318,7,1993,1993,1347.0,1372,2646,2,9,3.0,656.0,260000.0,0,0,0,0
319,7,1980,1980,1372.0,1472,1472,2,6,2.0,588.0,187500.0,1,0,0,1
320,9,2006,2006,1249.0,1249,2596,3,9,3.0,840.0,342643.0,1,1,0,0
321,8,2004,2004,1136.0,1136,2468,2,10,3.0,872.0,354000.0,0,1,0,0
322,7,1986,1987,1502.0,1553,2730,2,8,2.0,576.0,301000.0,0,0,0,0
323,3,1955,2005,1162.0,1163,1163,1,6,1.0,220.0,126175.0,1,0,0,1
324,7,1967,2007,710.0,1898,2978,2,11,2.0,564.0,242000.0,0,0,0,0
325,5,1941,1950,720.0,803,803,1,5,2.0,360.0,87000.0,1,0,0,1
326,8,1993,1993,1719.0,1719,1719,1,6,2.0,473.0,324000.0,0,0,0,0
327,6,1960,1960,1383.0,1383,1383,1,7,1.0,292.0,145250.0,1,0,0,1
328,6,1916,1994,844.0,1445,2134,2,10,2.0,441.0,214500.0,1,0,0,0
329,5,1920,1950,596.0,596,1192,1,6,1.0,189.0,78000.0,1,0,0,1
330,5,1964,1964,1728.0,1728,1728,2,10,1.0,352.0,119000.0,1,0,0,1
331,5,1958,1992,1056.0,1056,1056,1,6,1.0,308.0,139000.0,1,0,0,1
332,8,2003,2004,3206.0,1629,1629,2,7,3.0,880.0,284000.0,0,0,0,0
333,7,2004,2004,1358.0,1358,1358,2,6,2.0,484.0,207000.0,0,0,0,0
334,6,1998,1998,943.0,943,1638,2,7,2.0,472.0,192000.0,1,0,0,1
335,5,1965,1965,1499.0,1619,1786,2,7,2.0,529.0,228950.0,1,0,0,1
336,9,2005,2006,1922.0,1922,1922,2,8,3.0,676.0,377426.0,0,1,0,0
337,7,2002,2003,1536.0,1536,1536,2,7,2.0,532.0,214000.0,0,0,0,0
338,7,1984,1998,1208.0,1621,1621,2,8,2.0,440.0,202500.0,0,0,0,0
339,6,1958,1998,1215.0,1215,1215,1,6,1.0,297.0,155000.0,1,0,0,1
340,8,2002,2002,967.0,993,1908,2,9,2.0,431.0,202900.0,0,0,0,0
341,4,1950,1950,721.0,841,841,1,4,1.0,294.0,82000.0,0,0,0,1
342,3,1949,1950,0.0,1040,1040,2,6,2.0,400.0,87500.0,1,0,0,1
343,9,2005,2005,1684.0,1684,1684,2,6,2.0,564.0,266000.0,0,1,1,0
344,5,1976,1976,536.0,536,1112,1,4,1.0,336.0,85000.0,1,0,0,1
345,6,1939,1950,972.0,972,1577,1,6,1.0,312.0,140200.0,1,0,0,0
346,6,1960,1998,958.0,958,958,1,5,1.0,301.0,151500.0,1,0,0,1
347,6,1960,1960,1478.0,1478,1478,2,6,2.0,498.0,157500.0,1,0,0,1
348,7,2003,2004,764.0,764,1626,2,6,2.0,474.0,154000.0,0,0,0,0
349,9,2005,2006,1848.0,1848,2728,2,10,3.0,706.0,437154.0,0,1,1,0
350,9,2007,2007,1869.0,1869,1869,2,6,2.0,617.0,318061.0,0,1,1,0
351,7,1986,1986,1453.0,1453,1453,1,6,2.0,445.0,190000.0,1,0,0,0
352,5,1941,1950,616.0,616,1111,1,5,1.0,200.0,95000.0,1,0,0,1
353,6,1928,2003,624.0,720,720,1,5,2.0,484.0,105900.0,1,0,0,1
354,6,1940,2000,940.0,1192,1595,1,6,1.0,240.0,140000.0,1,0,0,1
355,6,1995,1995,1200.0,1200,1200,2,6,2.0,521.0,177500.0,0,0,0,0
356,6,1992,1992,1158.0,1167,1167,2,6,2.0,400.0,173000.0,1,0,0,0
357,5,1976,1976,1142.0,1142,1142,1,6,2.0,528.0,134000.0,1,0,0,1
358,5,1958,1958,1062.0,1352,1352,1,6,1.0,288.0,130000.0,1,0,0,0
359,8,1998,1998,1086.0,1086,1924,2,7,2.0,592.0,280000.0,0,0,0,0
360,6,1978,1978,888.0,912,912,1,5,2.0,470.0,156000.0,1,0,0,1
361,5,1940,1982,883.0,988,1505,1,8,1.0,240.0,145000.0,1,0,0,1
362,7,2003,2003,0.0,495,1922,3,7,2.0,672.0,198500.0,0,0,0,0
363,6,1972,2007,483.0,483,987,1,5,1.0,264.0,118000.0,1,0,0,0
364,6,1976,1976,796.0,790,1574,2,6,2.0,566.0,190000.0,1,0,0,1
365,5,1920,1997,672.0,672,1344,1,6,1.0,468.0,147000.0,1,0,0,1
366,6,1963,1963,1394.0,1394,1394,1,6,2.0,514.0,159000.0,1,0,0,1
367,6,1962,1962,1099.0,1431,1431,1,6,1.0,296.0,165000.0,1,0,0,1
368,5,1954,1954,1268.0,1268,1268,1,7,1.0,244.0,132000.0,1,0,0,1
369,5,1959,2006,1063.0,1287,1287,1,7,2.0,576.0,162000.0,1,0,0,0
370,6,2000,2000,953.0,953,1664,2,7,2.0,460.0,172400.0,1,0,0,1
371,4,1959,1959,0.0,1120,1588,2,7,2.0,680.0,134432.0,1,0,0,1
372,6,1984,1984,744.0,752,752,1,4,1.0,264.0,125000.0,1,0,0,1
373,5,1953,1953,608.0,1319,1319,1,5,1.0,270.0,123000.0,1,0,0,1
374,7,2003,2004,847.0,847,1928,2,8,2.0,434.0,219500.0,0,0,0,0
375,1,1922,1950,683.0,904,904,0,4,0.0,0.0,61000.0,0,0,0,0
376,5,1996,1996,870.0,914,914,1,5,2.0,576.0,148000.0,0,0,0,1
377,8,2004,2005,1580.0,1580,2466,3,8,2.0,610.0,340000.0,0,0,0,0
378,9,2010,2010,1856.0,1856,1856,1,8,3.0,834.0,394432.0,0,1,1,0
379,6,2000,2000,982.0,1007,1800,2,7,2.0,463.0,179000.0,1,0,0,1
380,5,1924,1950,1026.0,1026,1691,2,6,1.0,308.0,127000.0,1,0,0,0
381,7,2006,2006,1293.0,1301,1301,2,5,2.0,572.0,187750.0,0,0,0,0
382,7,2006,2006,939.0,939,1797,2,8,2.0,639.0,213500.0,0,0,0,0
383,6,1928,1950,784.0,784,784,1,5,2.0,360.0,76000.0,1,0,0,1
384,6,1992,1992,1580.0,1079,1953,2,9,2.0,501.0,240000.0,0,0,0,0
385,8,2004,2005,1256.0,1269,1269,2,6,2.0,430.0,192000.0,0,0,0,0
386,5,1910,1996,658.0,658,1184,1,8,0.0,0.0,81000.0,1,0,0,1
387,6,1976,1976,1041.0,1125,1125,1,6,1.0,352.0,125000.0,1,0,0,1
388,7,1999,2000,1468.0,1479,1479,2,6,2.0,577.0,191000.0,0,0,0,0
389,10,2007,2008,1682.0,1742,2332,2,9,3.0,846.0,426000.0,0,1,1,0
390,5,1900,1950,861.0,961,1367,1,7,1.0,384.0,119000.0,1,0,0,1
391,6,2001,2002,804.0,804,1961,2,7,2.0,560.0,215000.0,1,1,0,0
392,5,1959,1959,0.0,882,882,1,5,1.0,294.0,106500.0,1,0,0,1
393,4,1941,1950,788.0,788,788,1,4,0.0,0.0,100000.0,1,0,0,1
394,5,1940,1950,735.0,735,1034,1,5,1.0,240.0,109000.0,1,0,0,1
395,5,1956,1956,1144.0,1144,1144,1,6,1.0,596.0,129000.0,1,0,0,1
396,5,1972,1972,894.0,894,894,1,6,2.0,600.0,123000.0,1,0,0,1
397,5,1962,1962,864.0,876,1812,2,8,1.0,264.0,169500.0,1,0,0,1
398,5,1920,1950,961.0,1077,1077,1,6,1.0,338.0,67000.0,1,0,0,1
399,7,2006,2007,1092.0,1112,1550,2,7,2.0,438.0,241000.0,0,0,0,0
400,8,1996,1996,1260.0,1288,1288,1,4,2.0,500.0,245500.0,0,0,1,0
401,7,2005,2005,1310.0,1310,1310,2,6,2.0,400.0,164990.0,0,0,0,0
402,5,1940,1997,672.0,672,672,1,4,1.0,240.0,108000.0,1,0,0,1
403,8,1998,1998,1141.0,1165,2263,2,10,2.0,420.0,258000.0,0,0,0,0
404,6,1995,1996,806.0,806,1572,2,7,2.0,373.0,168000.0,1,0,0,1
405,4,1976,1993,1281.0,1620,1620,2,8,2.0,490.0,150000.0,1,0,0,1
406,6,1936,1950,1064.0,1166,1639,1,6,1.0,240.0,115000.0,1,0,0,1
407,6,1915,1976,840.0,840,1680,2,8,1.0,308.0,177000.0,1,0,0,1
408,7,2006,2006,1063.0,1071,2172,2,9,3.0,947.0,280000.0,0,1,0,0
409,8,2007,2008,1034.0,1050,2078,2,8,3.0,836.0,339750.0,0,1,1,0
410,5,1958,1958,1276.0,1276,1276,1,5,1.0,350.0,60000.0,1,0,0,1
411,5,1955,1955,1056.0,1056,1056,1,5,2.0,572.0,145000.0,1,0,0,1
412,7,2009,2009,1470.0,1478,1478,2,7,2.0,484.0,222000.0,0,1,0,0
413,5,1927,1950,1008.0,1028,1028,1,5,2.0,360.0,115000.0,1,0,0,1
414,7,1993,1993,1080.0,1080,2097,2,9,3.0,678.0,228000.0,0,0,0,0
415,7,2007,2007,1340.0,1340,1340,2,6,2.0,396.0,181134.0,0,0,0,0
416,6,1978,1978,672.0,672,1400,1,6,2.0,440.0,149500.0,1,0,0,1
417,6,1918,1950,1370.0,1370,2624,2,10,3.0,864.0,239000.0,1,0,0,1
418,5,1940,1950,756.0,756,1134,1,7,1.0,240.0,126000.0,1,0,0,1
419,5,1968,1968,1056.0,1056,1056,1,6,1.0,304.0,142000.0,1,0,0,1
420,7,1997,1998,1344.0,1344,1344,2,8,4.0,784.0,206300.0,1,0,0,1
421,6,1977,2000,1602.0,1602,1602,2,8,2.0,529.0,215000.0,0,0,0,0
422,5,1954,1954,988.0,988,988,1,4,2.0,520.0,113000.0,1,0,0,1
423,8,1998,1998,1470.0,1470,2630,2,8,3.0,696.0,315000.0,0,0,0,0
424,6,1956,1956,1196.0,1196,1196,1,6,1.0,297.0,139000.0,1,0,0,1
425,7,1946,1992,651.0,707,1389,1,6,1.0,240.0,135000.0,1,0,0,1
426,7,1989,1989,1518.0,1644,1644,2,5,2.0,569.0,275000.0,0,0,0,0
427,4,1957,1957,907.0,907,907,1,5,1.0,352.0,109008.0,1,0,0,1
428,7,2007,2007,1208.0,1208,1208,2,6,2.0,628.0,195400.0,0,0,0,0
429,6,1988,1988,1392.0,1412,1412,2,6,2.0,576.0,175000.0,1,0,0,0
430,6,1971,1971,483.0,483,987,1,4,1.0,264.0,85400.0,1,0,0,1
431,6,1920,1998,901.0,1088,1198,1,7,0.0,0.0,79900.0,1,0,0,1
432,5,1971,1971,765.0,765,1365,1,6,2.0,440.0,122500.0,1,0,0,1
433,6,1997,1998,926.0,926,1604,2,7,2.0,470.0,181000.0,1,0,0,1
434,4,1972,1972,630.0,630,630,1,3,0.0,0.0,81000.0,1,0,0,1
435,7,1996,1996,799.0,827,1661,2,6,2.0,550.0,212000.0,0,0,0,0
436,6,1920,1950,648.0,734,1118,1,6,2.0,440.0,116000.0,1,0,0,1
437,6,1926,2004,884.0,904,904,1,4,1.0,180.0,119000.0,0,0,0,1
438,5,1913,2002,440.0,694,694,1,4,1.0,352.0,90350.0,1,0,0,0
439,6,1920,2000,684.0,684,1196,1,7,2.0,528.0,110000.0,1,0,0,0
440,10,2008,2008,3094.0,2402,2402,2,10,3.0,672.0,555000.0,0,1,1,0
441,4,1955,1955,1440.0,1440,1440,2,8,0.0,0.0,118000.0,1,0,0,0
442,5,1930,1992,1078.0,1128,1573,2,8,2.0,360.0,162900.0,1,0,0,1
443,7,2006,2007,1258.0,1258,1258,2,6,3.0,648.0,172500.0,0,1,0,0
444,7,1994,1995,915.0,933,1908,2,8,2.0,493.0,210000.0,0,0,0,0
445,6,1956,1956,1436.0,1689,1689,1,7,2.0,480.0,127500.0,1,0,0,1
446,6,1966,2002,1517.0,1888,1888,2,6,2.0,578.0,190000.0,0,0,0,0
447,7,1998,1999,930.0,956,1886,2,10,2.0,431.0,199900.0,0,0,0,0
448,6,1937,1950,780.0,780,1376,2,7,1.0,198.0,119500.0,1,0,0,1
449,3,1948,2002,649.0,679,1183,1,6,1.0,308.0,120000.0,1,0,0,1
450,6,1930,2005,813.0,813,813,1,5,1.0,270.0,110000.0,1,0,0,0
451,7,1975,1975,1533.0,1533,1533,2,5,2.0,576.0,280000.0,1,0,0,0
452,6,1996,1997,872.0,888,1756,2,7,2.0,422.0,204000.0,0,1,0,1
453,8,2008,2008,768.0,786,1590,2,6,2.0,676.0,210000.0,0,0,0,0
454,5,1976,1976,1728.0,1728,1728,2,8,2.0,560.0,188000.0,1,0,0,1
455,7,1973,1973,1242.0,1242,1242,1,6,2.0,528.0,175500.0,1,0,0,1
456,5,1916,1950,624.0,624,1344,1,7,3.0,513.0,98000.0,1,0,0,1
457,4,1954,1994,1364.0,1663,1663,1,6,2.0,529.0,256000.0,1,0,0,0
458,8,1925,1996,588.0,833,1666,1,7,1.0,228.0,161000.0,1,0,0,0
459,5,1950,1950,709.0,979,1203,1,5,1.0,352.0,110000.0,1,0,0,0
460,8,2009,2009,832.0,832,1935,2,8,2.0,552.0,263435.0,0,0,0,1
461,7,1936,2007,560.0,575,1135,1,6,2.0,576.0,155000.0,0,0,0,0
462,5,1965,1965,864.0,864,864,1,5,1.0,360.0,62383.0,1,0,0,1
463,6,1934,1995,715.0,849,1660,1,6,1.0,240.0,188700.0,1,0,0,1
464,5,1978,1978,1040.0,1040,1040,2,5,0.0,0.0,124000.0,1,0,0,1
465,7,2004,2004,1375.0,1414,1414,2,6,2.0,398.0,178740.0,0,0,0,0
466,7,1970,1970,1277.0,1277,1277,1,5,2.0,526.0,167000.0,1,0,0,1
467,5,1942,1995,728.0,888,1644,1,7,1.0,312.0,146500.0,1,0,0,0
468,8,2006,2006,1626.0,1634,1634,2,7,3.0,866.0,250000.0,0,0,0,0
469,6,1993,1993,832.0,832,1710,2,7,2.0,506.0,187000.0,0,0,0,0
470,8,1985,1985,1488.0,1502,1502,1,4,2.0,528.0,212000.0,0,0,0,0
471,7,1977,1977,808.0,1161,1969,2,8,2.0,534.0,190000.0,1,0,0,1
472,6,2005,2005,547.0,1072,1072,1,5,2.0,525.0,148000.0,1,0,0,1
473,8,2006,2007,1976.0,1976,1976,2,7,3.0,908.0,440000.0,0,1,0,0
474,8,2000,2000,1494.0,1652,1652,2,6,2.0,499.0,251000.0,0,0,1,0
475,5,1963,1963,970.0,970,970,1,5,2.0,624.0,132500.0,1,0,0,1
476,6,1997,1998,1478.0,1493,1493,2,7,2.0,508.0,208900.0,1,0,0,0
477,9,2006,2006,2153.0,2069,2643,2,9,3.0,694.0,380000.0,0,0,1,0
478,8,2007,2008,1705.0,1718,1718,2,7,3.0,826.0,297000.0,0,1,0,0
479,4,1937,2000,907.0,1131,1131,1,7,2.0,672.0,89471.0,1,0,0,1
480,9,2004,2005,1833.0,1850,1850,2,8,3.0,772.0,326000.0,0,1,0,0
481,9,2003,2004,1792.0,1792,1792,2,6,3.0,874.0,374000.0,0,1,1,0
482,7,1915,2005,910.0,916,1826,1,7,1.0,164.0,155000.0,0,0,1,0
483,6,1998,1998,1216.0,1216,1216,2,5,2.0,402.0,164000.0,1,1,0,1
484,5,1962,2001,999.0,999,999,1,6,1.0,264.0,132500.0,1,0,0,0
485,5,1950,2007,1113.0,1113,1113,1,5,1.0,264.0,147000.0,0,0,0,0
486,5,1965,1965,1073.0,1073,1073,1,6,2.0,515.0,156000.0,1,0,0,1
487,5,1971,1971,1484.0,1484,1484,2,7,2.0,487.0,175000.0,1,0,0,1
488,5,1900,1970,954.0,1766,2414,2,10,2.0,520.0,160000.0,1,0,0,1
489,4,1970,2002,630.0,630,630,1,3,1.0,286.0,86000.0,1,0,0,0
490,5,1976,1976,264.0,616,1304,1,4,1.0,336.0,115000.0,1,0,0,1
491,6,1941,1950,806.0,958,1578,1,5,1.0,240.0,133000.0,1,0,0,0
492,6,2006,2006,728.0,728,1456,2,8,2.0,429.0,172785.0,0,0,0,1
493,5,1960,1960,1269.0,1269,1269,1,6,1.0,308.0,155000.0,1,0,0,1
494,5,1938,1996,190.0,886,886,1,4,1.0,273.0,91300.0,1,0,0,1
495,4,1920,1950,720.0,720,720,1,4,0.0,0.0,34900.0,1,0,0,1
496,8,1992,1993,3200.0,3228,3228,3,10,2.0,546.0,430000.0,0,0,0,0
497,7,1925,1950,1026.0,1133,1820,2,8,1.0,240.0,184000.0,1,0,0,1
498,5,1967,2004,864.0,899,899,1,5,1.0,288.0,130000.0,1,0,0,0
499,5,1958,1985,912.0,912,912,1,5,1.0,297.0,120000.0,1,0,0,1
500,6,1973,1973,672.0,672,1218,1,7,1.0,264.0,113000.0,1,0,0,1
501,7,2005,2005,866.0,866,1768,2,7,2.0,603.0,226700.0,0,0,0,0
502,5,1965,1965,1214.0,1214,1214,1,6,2.0,461.0,140000.0,1,0,0,1
503,7,1959,1997,1501.0,1801,1801,2,6,2.0,484.0,289000.0,1,0,0,1
504,6,1974,1974,855.0,855,1322,2,6,2.0,440.0,147000.0,1,0,0,1
505,5,1952,1952,960.0,960,1960,2,10,2.0,400.0,124500.0,1,0,0,1
506,8,1993,1994,777.0,1065,1911,2,8,2.0,471.0,215000.0,0,0,0,0
507,6,2009,2009,1218.0,1218,1218,2,4,2.0,676.0,208300.0,0,0,0,0
508,7,1928,2005,689.0,689,1378,2,7,2.0,360.0,161000.0,1,0,0,0
509,5,1959,1959,1041.0,1041,1041,1,6,1.0,270.0,124500.0,1,0,0,1
510,5,1951,2000,1008.0,1363,1363,1,6,1.0,288.0,164900.0,0,0,0,1
511,7,2005,2006,1368.0,1368,1368,2,6,2.0,474.0,202665.0,0,0,0,0
512,5,1958,1958,864.0,864,864,1,5,2.0,624.0,129900.0,1,0,0,1
513,6,1983,1983,1084.0,1080,1080,1,5,2.0,484.0,134000.0,1,0,0,1
514,5,1926,1950,768.0,789,789,1,5,1.0,200.0,96500.0,1,0,0,1
515,10,2009,2009,2006.0,2020,2020,2,9,3.0,900.0,402861.0,0,1,1,0
516,6,1972,1972,689.0,1378,2119,2,7,2.0,583.0,158000.0,1,0,0,1
517,7,1996,1997,1264.0,1277,2344,2,7,3.0,889.0,265000.0,0,0,0,0
518,6,1998,1998,794.0,882,1796,2,7,2.0,546.0,211000.0,1,0,0,1
519,7,1926,2004,1276.0,1276,2080,1,9,1.0,282.0,234000.0,0,0,0,0
520,4,1900,2000,0.0,694,1294,2,7,0.0,0.0,106250.0,1,0,0,1
521,6,1957,1957,1244.0,1244,1244,1,6,1.0,336.0,150000.0,1,0,0,1
522,6,1947,1950,1004.0,1004,1664,2,7,2.0,420.0,159000.0,1,0,0,1
523,10,2007,2008,3138.0,3138,4676,3,11,3.0,884.0,184750.0,0,1,1,0
524,7,1996,1997,1379.0,1383,2398,2,8,3.0,834.0,315750.0,0,0,0,0
525,7,2005,2005,1257.0,1266,1266,2,6,2.0,453.0,176000.0,0,0,0,0
526,5,1956,2000,928.0,928,928,1,4,1.0,252.0,132000.0,1,0,0,1
527,9,2008,2008,1452.0,1476,2713,2,11,3.0,858.0,446261.0,0,1,1,0
528,4,1920,2002,528.0,605,605,1,5,0.0,0.0,86000.0,1,0,0,1
529,6,1957,1975,2035.0,2515,2515,3,9,2.0,484.0,200624.0,0,0,0,1
530,6,1988,1989,1461.0,1509,1509,2,5,2.0,600.0,175000.0,0,0,0,0
531,6,1920,1999,611.0,751,1362,2,6,2.0,502.0,128000.0,1,0,0,1
532,5,1955,2007,0.0,827,827,1,5,1.0,392.0,107500.0,1,0,0,1
533,1,1946,1950,0.0,334,334,1,2,0.0,0.0,39300.0,0,0,0,0
534,8,2004,2004,707.0,707,1414,2,6,2.0,403.0,178000.0,0,1,0,0
535,5,1910,1991,1117.0,820,1347,1,5,0.0,0.0,107500.0,1,0,0,1
536,7,1998,1999,880.0,880,1724,2,8,2.0,527.0,188000.0,1,0,0,0
537,4,1972,1972,864.0,864,864,1,5,2.0,576.0,111250.0,1,0,0,1
538,5,1968,1968,1051.0,1159,1159,1,7,1.0,336.0,158000.0,1,0,0,1
539,8,2001,2002,1581.0,1601,1601,2,6,2.0,670.0,272000.0,0,0,0,0
540,9,2006,2006,1838.0,1838,1838,2,8,3.0,765.0,315000.0,0,1,1,0
541,8,2000,2000,969.0,997,2285,2,8,3.0,648.0,248000.0,0,0,0,0
542,7,1998,1999,1650.0,1680,1680,2,7,2.0,583.0,213250.0,0,1,0,0
543,7,1998,1998,723.0,767,767,1,4,1.0,367.0,133000.0,1,0,0,1
544,7,2006,2006,654.0,664,1496,2,7,2.0,426.0,179665.0,0,0,0,0
545,7,1988,1988,1204.0,1377,2183,2,9,3.0,786.0,229000.0,0,0,0,0
546,6,1923,1950,1065.0,915,1635,1,6,2.0,440.0,210000.0,1,0,0,1
547,5,1970,1970,768.0,768,768,1,5,2.0,624.0,129500.0,1,0,0,1
548,5,1955,1995,825.0,825,825,1,4,2.0,720.0,125000.0,1,0,0,1
549,7,2003,2004,912.0,912,2094,2,8,2.0,615.0,263000.0,0,0,0,0
550,6,1977,1977,1069.0,1069,1069,2,4,2.0,440.0,140000.0,1,0,0,1
551,5,1957,1957,928.0,928,928,1,5,1.0,288.0,112500.0,1,0,0,1
552,8,2006,2006,1709.0,1717,1717,2,7,3.0,908.0,255500.0,0,1,0,0
553,4,1949,2003,0.0,1126,1126,2,5,2.0,520.0,108000.0,1,0,0,0
554,7,2003,2004,998.0,1006,2046,2,8,3.0,871.0,284000.0,0,0,0,0
555,5,1922,1950,993.0,1048,1048,1,5,1.0,280.0,113000.0,1,0,0,1
556,5,1957,1957,1092.0,1092,1092,1,6,1.0,299.0,141000.0,1,0,0,1
557,4,1920,1950,637.0,897,1336,1,7,1.0,570.0,108000.0,1,0,0,1
558,7,1996,1997,729.0,729,1446,2,6,2.0,406.0,175000.0,1,0,0,1
559,7,2003,2004,1374.0,1557,1557,2,7,2.0,420.0,234000.0,0,0,0,0
560,5,1957,1996,1392.0,1392,1392,1,5,2.0,528.0,121500.0,1,0,0,1
561,5,1974,1975,1389.0,1389,1389,1,6,2.0,418.0,170000.0,1,0,0,1
562,5,1940,1969,996.0,996,996,1,6,0.0,0.0,108000.0,1,0,0,1
563,6,1918,1950,1163.0,1163,1674,2,8,2.0,396.0,185000.0,1,0,0,1
564,7,1992,2000,1095.0,1166,2295,2,9,2.0,590.0,268000.0,0,0,0,0
565,6,1915,1950,806.0,841,1647,1,6,1.0,216.0,128000.0,1,0,0,0
566,9,2005,2007,1122.0,1134,2504,2,11,3.0,656.0,325000.0,0,0,1,0
567,7,2004,2004,1517.0,1535,1535,2,7,2.0,532.0,214000.0,0,0,0,0
568,8,1983,2009,1496.0,1496,2132,1,5,2.0,612.0,316600.0,0,0,0,0
569,5,1979,1979,943.0,943,943,1,4,2.0,600.0,135960.0,1,0,0,1
570,5,1965,1965,1728.0,1728,1728,2,10,2.0,576.0,142600.0,1,0,0,1
571,6,1959,1959,864.0,864,864,1,4,1.0,288.0,120000.0,1,0,0,0
572,7,2009,2009,846.0,846,1692,2,6,2.0,650.0,224500.0,1,1,0,0
573,7,2000,2000,384.0,774,1430,2,8,2.0,400.0,170000.0,1,0,0,1
574,5,1971,2005,372.0,576,1109,1,5,1.0,288.0,139000.0,1,0,0,1
575,5,1947,1950,832.0,832,1216,1,6,1.0,336.0,118500.0,1,0,0,1
576,7,1928,1950,861.0,877,1477,2,6,1.0,216.0,145000.0,1,0,0,1
577,5,1966,1966,1164.0,1320,1320,1,6,2.0,564.0,164500.0,1,0,0,1
578,7,2007,2007,689.0,703,1392,2,5,2.0,540.0,146000.0,0,0,0,0
579,5,1954,1954,1050.0,1050,1795,2,7,1.0,352.0,131500.0,1,0,0,1
580,6,1960,1987,1144.0,1429,1429,1,7,2.0,572.0,181900.0,1,0,0,0
581,8,2008,2009,2042.0,2042,2042,2,8,3.0,1390.0,253293.0,0,1,1,0
582,6,1990,1990,816.0,816,816,1,5,0.0,0.0,118500.0,1,0,0,1
583,10,1893,2000,1237.0,1521,2775,3,9,2.0,880.0,325000.0,0,0,0,0
584,4,1935,1995,884.0,989,1573,1,6,1.0,240.0,133000.0,1,0,0,0
585,8,2005,2006,1868.0,2028,2028,2,7,3.0,880.0,369900.0,0,1,0,0
586,6,1918,2000,816.0,838,838,1,5,1.0,275.0,130000.0,1,0,0,0
587,5,1982,1982,840.0,860,860,1,4,2.0,528.0,137000.0,1,0,0,1
588,5,1968,2003,1437.0,1473,1473,1,5,1.0,452.0,143000.0,1,0,1,0
589,5,1930,1960,742.0,779,935,1,4,1.0,308.0,79500.0,1,0,0,1
590,7,2004,2004,770.0,770,1582,2,6,2.0,520.0,185900.0,0,0,0,0
591,10,2008,2008,1722.0,1728,2296,2,10,3.0,842.0,451950.0,0,1,1,0
592,5,1982,2003,816.0,816,816,1,4,2.0,816.0,138000.0,1,0,0,1
593,6,2003,2003,848.0,848,848,1,4,2.0,420.0,140000.0,0,0,0,0
594,5,1975,1975,924.0,924,924,1,5,1.0,280.0,110000.0,1,0,0,1
595,8,2005,2006,1814.0,1826,1826,2,7,3.0,758.0,319000.0,0,0,0,0
596,6,1910,1993,684.0,684,1368,1,7,1.0,216.0,114504.0,1,0,0,1
597,7,2006,2007,1258.0,1402,1402,0,7,3.0,648.0,194201.0,0,1,0,0
598,5,1977,1977,1430.0,1647,1647,2,7,2.0,621.0,217500.0,1,0,0,0
599,6,1980,1980,716.0,716,1556,2,6,2.0,452.0,151000.0,1,0,0,1
600,8,2005,2005,1058.0,1058,1904,2,8,2.0,736.0,275000.0,0,0,1,0
601,6,1937,1950,780.0,780,1375,1,6,1.0,544.0,141000.0,1,0,0,0
602,8,1992,1992,908.0,927,1915,2,8,2.0,506.0,220000.0,0,0,0,0
603,7,2004,2005,600.0,600,1200,2,4,2.0,480.0,151000.0,0,0,0,0
604,7,2002,2002,1494.0,1494,1494,2,6,2.0,530.0,221000.0,0,0,0,0
605,7,1965,1990,768.0,1186,1986,2,7,2.0,486.0,205000.0,1,0,0,1
606,5,1996,1996,1040.0,1040,1040,1,6,2.0,576.0,152000.0,1,0,0,0
607,5,1948,2002,896.0,1112,2008,3,8,1.0,230.0,225000.0,1,0,1,0
608,8,1934,1998,965.0,1940,3194,2,10,2.0,380.0,359100.0,1,0,0,1
609,4,1961,1961,1029.0,1029,1029,1,5,1.0,261.0,118500.0,1,0,0,1
610,9,2000,2000,1440.0,1476,2153,2,8,3.0,736.0,313000.0,0,1,1,0
611,6,1978,1978,1032.0,1032,1032,2,6,2.0,564.0,148000.0,1,0,0,1
612,8,2001,2001,1299.0,1299,1872,2,7,2.0,531.0,261500.0,0,0,1,0
613,5,2007,2007,1120.0,1120,1120,1,6,0.0,0.0,147000.0,1,0,0,1
614,4,1972,1972,630.0,630,630,1,3,0.0,0.0,75500.0,1,0,0,1
615,6,1963,1963,936.0,1054,1054,1,6,2.0,480.0,137500.0,1,0,0,0
616,6,2002,2003,783.0,807,1509,2,7,2.0,393.0,183200.0,0,0,0,0
617,6,1954,1954,832.0,832,832,1,4,2.0,528.0,105500.0,1,0,0,0
618,9,2007,2007,1822.0,1828,1828,2,9,3.0,774.0,314813.0,0,1,0,0
619,8,2003,2003,1482.0,1482,2262,2,10,3.0,749.0,305000.0,0,0,0,0
620,3,1914,1950,864.0,864,864,1,5,0.0,0.0,67000.0,1,0,0,1
621,6,1974,1997,1522.0,1548,2614,2,9,2.0,624.0,240000.0,1,0,0,1
622,5,1977,1977,980.0,980,980,1,6,2.0,484.0,135000.0,1,0,0,1
623,6,2000,2000,756.0,756,1512,2,4,2.0,440.0,168500.0,0,0,0,0
624,6,1972,1972,732.0,1012,1790,1,8,2.0,484.0,165150.0,1,0,0,1
625,6,1962,1962,1116.0,1116,1116,1,5,2.0,440.0,160000.0,1,0,0,1
626,5,1960,1978,978.0,1422,1422,1,6,1.0,286.0,139900.0,1,0,0,1
627,6,1955,1972,1156.0,1520,1520,1,7,1.0,364.0,153000.0,1,0,0,1
628,5,1969,1969,1040.0,1040,2080,1,9,2.0,504.0,135000.0,1,0,0,0
629,6,1964,1964,1248.0,1350,1350,1,6,2.0,520.0,168500.0,1,0,0,1
630,5,1880,1991,636.0,1089,1750,1,8,1.0,240.0,124000.0,1,0,1,0
631,8,2006,2006,1554.0,1554,1554,2,6,2.0,627.0,209500.0,0,0,0,0
632,7,1977,1977,1386.0,1411,1411,2,6,2.0,544.0,82500.0,1,0,0,1
633,5,1954,2005,1056.0,1056,1056,1,6,1.0,260.0,139400.0,1,0,0,1
634,6,1980,1980,1056.0,1056,1056,0,4,2.0,576.0,144000.0,1,0,0,1
635,6,1914,1995,1440.0,1440,3395,2,14,0.0,0.0,200000.0,0,0,0,0
636,2,1936,1950,264.0,800,800,1,4,0.0,0.0,60000.0,0,0,0,0
637,5,1954,1954,811.0,811,1387,2,7,1.0,256.0,93000.0,1,0,0,0
638,5,1910,1950,796.0,796,796,1,4,0.0,0.0,85000.0,1,0,0,1
639,8,2006,2006,1520.0,1567,1567,2,7,3.0,648.0,264561.0,0,0,1,0
640,8,2003,2004,1518.0,1518,1518,1,6,2.0,588.0,274000.0,0,1,1,0
641,7,2001,2001,1057.0,1057,1929,2,7,2.0,650.0,226000.0,0,0,0,0
642,8,1972,1995,1952.0,2000,2704,2,9,2.0,538.0,345000.0,0,0,1,0
643,5,1969,1969,780.0,780,1620,2,7,2.0,462.0,152000.0,1,0,0,1
644,9,2009,2009,1766.0,1766,1766,2,7,3.0,478.0,370878.0,0,1,1,0
645,6,1971,1971,981.0,981,981,1,5,2.0,576.0,143250.0,1,0,0,1
646,5,1950,1950,0.0,1048,1048,1,7,2.0,420.0,98300.0,1,0,0,1
647,6,1953,1953,1094.0,1094,1094,1,5,2.0,495.0,155000.0,1,0,0,1
648,6,1966,1966,756.0,1051,1839,1,7,2.0,442.0,155000.0,1,0,0,1
649,4,1970,1970,630.0,630,630,1,3,0.0,0.0,84500.0,1,0,0,1
650,7,2007,2007,813.0,822,1665,2,7,2.0,562.0,205950.0,0,0,0,0
651,4,1940,1950,755.0,755,1510,1,7,1.0,296.0,108000.0,1,0,0,1
652,7,1996,1996,880.0,909,1716,2,7,2.0,512.0,191000.0,0,0,0,0
653,6,1906,1995,756.0,756,1469,1,7,1.0,216.0,135000.0,1,0,0,1
654,8,1995,1995,2109.0,2113,2113,2,7,3.0,839.0,350000.0,0,0,0,0
655,6,1971,1971,525.0,525,1092,1,6,1.0,264.0,88000.0,1,0,0,1
656,5,1959,2006,1053.0,1053,1053,1,5,1.0,312.0,145500.0,0,0,0,0
657,7,1931,2000,776.0,851,1502,1,6,1.0,270.0,149000.0,1,0,0,1
658,6,1948,1950,912.0,912,1458,1,6,1.0,330.0,97500.0,1,0,0,1
659,5,1964,1999,1486.0,1486,1486,1,7,2.0,480.0,167000.0,1,0,0,1
660,7,1976,1976,793.0,1142,1935,2,7,2.0,550.0,197900.0,1,0,0,1
661,8,1994,2005,1629.0,1686,2448,2,8,3.0,711.0,402000.0,0,0,0,0
662,6,1968,1968,1392.0,1392,1392,1,5,2.0,576.0,110000.0,1,0,0,1
663,4,1972,1972,1138.0,1181,1181,2,6,2.0,588.0,137500.0,1,0,0,1
664,8,2005,2006,2077.0,2097,2097,1,8,3.0,1134.0,423000.0,0,1,1,0
665,8,2000,2000,1406.0,1454,1936,2,7,2.0,504.0,230500.0,0,0,0,0
666,6,1965,1979,1021.0,1465,2380,2,7,2.0,596.0,129000.0,1,0,0,1
667,6,1994,1998,1408.0,1679,1679,2,7,2.0,575.0,193500.0,1,0,0,0
668,5,1956,1987,1188.0,1437,1437,1,6,2.0,576.0,168000.0,1,0,0,1
669,4,1922,1950,700.0,1180,1180,1,5,1.0,252.0,137500.0,1,0,0,0
670,6,2005,2005,738.0,738,1476,2,7,2.0,540.0,173500.0,0,0,0,0
671,6,1925,1950,672.0,697,1369,2,6,1.0,300.0,103600.0,1,0,0,1
672,6,1977,1977,1208.0,1208,1208,1,6,2.0,546.0,165000.0,0,0,0,1
673,6,1957,2004,1477.0,1839,1839,2,7,2.0,416.0,257500.0,1,0,0,0
674,6,1965,1965,1136.0,1136,1136,1,5,1.0,384.0,140000.0,1,0,0,1
675,6,1978,1978,855.0,855,1441,2,7,2.0,440.0,148500.0,1,0,0,1
676,4,1900,1950,1095.0,1095,1774,2,8,3.0,779.0,87000.0,1,0,0,1
677,5,1924,2006,768.0,792,792,1,5,1.0,240.0,109500.0,0,0,0,0
678,8,2008,2008,2046.0,2046,2046,2,7,3.0,834.0,372500.0,0,1,0,0
679,5,1961,1961,988.0,988,988,1,5,2.0,572.0,128500.0,1,0,0,1
680,6,1980,1980,923.0,923,923,2,5,1.0,264.0,143000.0,1,0,0,1
681,5,1932,2000,793.0,848,1520,1,6,1.0,281.0,159434.0,1,0,0,1
682,6,1996,1997,1291.0,1291,1291,1,6,2.0,431.0,173000.0,1,0,0,0
683,9,2002,2002,1626.0,1668,1668,2,7,3.0,702.0,285000.0,0,0,0,0
684,7,1998,1998,1195.0,1195,1839,2,7,2.0,486.0,221000.0,0,0,0,1
685,7,1984,1984,1190.0,1190,2090,2,6,2.0,577.0,207500.0,0,0,0,0
686,7,2007,2007,874.0,874,1761,3,7,2.0,578.0,227875.0,0,0,0,0
687,7,2004,2004,551.0,551,1102,2,4,2.0,480.0,148800.0,0,0,0,0
688,8,2007,2007,1419.0,1419,1419,2,7,2.0,567.0,392000.0,0,0,0,0
689,6,2005,2006,1362.0,1362,1362,2,6,2.0,460.0,194700.0,0,0,0,0
690,6,2004,2004,848.0,848,848,1,3,2.0,420.0,141000.0,0,0,0,0
691,10,1994,1995,2444.0,2444,4316,3,10,3.0,832.0,755000.0,0,1,1,0
692,7,1989,1990,1210.0,1238,2519,2,9,2.0,628.0,335000.0,0,0,0,0
693,5,1921,1968,1073.0,1073,1073,1,4,1.0,326.0,108480.0,1,0,0,1
694,5,1936,1950,927.0,1067,1539,1,5,2.0,576.0,141500.0,1,0,0,1
695,6,1987,1987,1112.0,1137,1137,2,5,2.0,551.0,176000.0,1,0,0,0
696,5,1921,1950,616.0,616,616,1,4,1.0,205.0,89000.0,1,0,0,1
697,5,1952,1952,980.0,1148,1148,1,6,1.0,308.0,123500.0,1,1,0,1
698,5,1965,2009,894.0,894,894,1,5,1.0,336.0,138500.0,1,0,0,1
699,7,2004,2004,1391.0,1391,1391,2,5,2.0,530.0,196000.0,0,0,0,0
700,8,2002,2002,1800.0,1800,1800,2,7,3.0,765.0,312500.0,0,1,0,0
701,7,1969,1969,1164.0,1164,1164,1,6,2.0,528.0,140000.0,1,0,0,1
702,8,2006,2006,1234.0,1264,2576,2,10,3.0,666.0,361919.0,0,1,1,0
703,5,1900,1996,360.0,1032,1812,2,8,2.0,672.0,140000.0,1,0,0,0
704,7,2004,2005,1473.0,1484,1484,2,7,2.0,606.0,213000.0,0,0,0,0
705,4,1930,1950,0.0,372,1092,2,7,0.0,0.0,55000.0,0,0,0,0
706,7,1971,2002,1643.0,1824,1824,2,5,2.0,739.0,302000.0,1,0,0,0
707,8,2006,2006,1324.0,1324,1324,2,6,2.0,550.0,254000.0,0,0,0,0
708,7,2007,2007,728.0,728,1456,2,8,2.0,400.0,179540.0,0,0,0,0
709,5,1966,1966,876.0,904,904,1,6,1.0,408.0,109900.0,1,0,0,1
710,3,1935,2003,270.0,729,729,1,5,0.0,0.0,52000.0,0,0,0,1
711,4,1900,1950,859.0,859,1178,1,7,1.0,384.0,102776.0,1,0,0,1
712,8,1988,1989,1228.0,1228,1228,2,5,2.0,472.0,189000.0,0,0,0,0
713,4,1970,1970,960.0,960,960,1,6,2.0,576.0,129000.0,1,0,0,1
714,6,1976,2005,725.0,725,1479,2,6,2.0,475.0,130500.0,0,0,0,0
715,6,1974,1974,1064.0,1350,1350,2,7,2.0,478.0,165000.0,1,0,0,1
716,7,1890,1998,718.0,1576,2554,1,8,2.0,704.0,159500.0,1,0,0,1
717,5,1973,2000,1176.0,1178,1178,1,5,2.0,439.0,157000.0,1,0,0,0
718,7,1993,1994,1311.0,1325,2418,2,9,3.0,983.0,341000.0,0,0,0,0
719,5,1969,1969,971.0,971,971,1,5,1.0,300.0,128500.0,1,0,0,1
720,8,1985,1985,1742.0,1742,1742,2,5,2.0,564.0,275000.0,0,0,0,0
721,6,2004,2004,848.0,848,848,1,3,2.0,420.0,143000.0,0,0,0,0
722,4,1970,1970,864.0,864,864,1,5,2.0,463.0,124500.0,1,0,0,1
723,4,1954,1972,941.0,997,1470,2,7,1.0,548.0,135000.0,1,0,0,1
724,9,2007,2008,1698.0,1698,1698,2,8,3.0,768.0,320000.0,0,1,1,0
725,4,1970,1970,864.0,864,864,1,5,2.0,660.0,120500.0,1,0,0,0
726,6,1988,2007,880.0,1680,1680,2,5,2.0,540.0,222000.0,0,0,0,0
727,7,2007,2007,1232.0,1232,1232,2,6,2.0,632.0,194500.0,0,0,0,0
728,5,1958,1958,1584.0,1776,1776,2,9,3.0,888.0,110000.0,1,0,0,1
729,4,1925,1950,780.0,848,1208,1,5,2.0,539.0,103000.0,1,0,0,1
730,8,1995,1996,1595.0,1616,1616,2,5,2.0,608.0,236500.0,0,0,0,0
731,7,2003,2003,868.0,1146,1146,2,6,2.0,438.0,187500.0,0,1,0,0
732,7,1998,1999,1153.0,1153,2031,2,8,2.0,541.0,222500.0,0,0,0,0
733,5,1961,1983,864.0,1144,1144,1,6,1.0,264.0,131400.0,1,0,0,1
734,5,1968,1968,948.0,948,948,1,6,1.0,300.0,108000.0,1,0,0,1
735,7,1914,1970,880.0,880,1768,1,6,2.0,320.0,163000.0,1,0,0,1
736,3,1950,1950,0.0,1040,1040,2,6,2.0,400.0,93500.0,1,0,0,1
737,8,2005,2005,893.0,901,1801,2,8,3.0,800.0,239900.0,0,0,0,0
738,5,1987,1988,1200.0,1200,1200,3,5,0.0,0.0,179000.0,1,0,0,1
739,7,2004,2004,864.0,864,1728,2,7,2.0,572.0,190000.0,0,0,0,0
740,5,1910,2002,264.0,768,1432,2,7,2.0,360.0,132000.0,1,0,0,1
741,6,1961,1996,912.0,912,912,1,5,1.0,288.0,142000.0,1,0,0,0
742,7,2000,2001,1349.0,1349,1349,2,6,2.0,539.0,179000.0,1,0,0,1
743,5,1963,1999,520.0,1464,1464,2,6,2.0,480.0,175000.0,1,0,0,1
744,8,1993,1993,1337.0,1337,1337,2,5,2.0,462.0,180000.0,0,0,0,0
745,8,1976,1996,1142.0,1175,2715,3,11,2.0,831.0,299800.0,0,0,0,0
746,7,2000,2000,952.0,980,2256,2,8,2.0,554.0,236000.0,0,0,0,0
747,7,1880,2003,1240.0,1320,2640,1,8,4.0,864.0,265979.0,0,0,0,0
748,7,1996,1996,1720.0,1720,1720,2,7,2.0,527.0,260400.0,0,0,0,0
749,4,1945,1950,0.0,1088,1529,2,9,1.0,240.0,98000.0,1,0,0,1
750,4,1910,2004,576.0,792,1140,1,7,0.0,0.0,96500.0,1,0,0,1
751,7,2003,2003,660.0,660,1320,2,6,2.0,400.0,162000.0,0,0,0,0
752,6,1997,1997,1479.0,1494,1494,2,6,2.0,576.0,217000.0,1,0,0,0
753,8,2005,2005,1030.0,1038,2098,2,8,3.0,878.0,275500.0,0,0,1,0
754,6,1969,2005,1026.0,1026,1026,1,5,2.0,440.0,156000.0,1,0,0,0
755,6,1999,1999,729.0,742,1471,2,6,2.0,440.0,172500.0,1,0,0,1
756,8,2007,2007,866.0,866,1768,2,7,2.0,578.0,212000.0,0,0,0,0
757,6,1978,1978,672.0,672,1386,2,6,2.0,440.0,158900.0,1,0,0,1
758,7,1999,1999,744.0,757,1501,2,6,2.0,440.0,179400.0,1,0,0,1
759,8,1995,1995,1318.0,1328,2531,2,9,3.0,752.0,290000.0,0,0,0,0
760,6,1959,1959,864.0,864,864,1,5,1.0,300.0,127500.0,1,0,0,1
761,5,1924,1950,1145.0,1301,1301,1,5,2.0,440.0,100000.0,1,0,0,0
762,7,2009,2009,756.0,764,1547,2,7,2.0,614.0,215200.0,1,0,0,0
763,8,1999,1999,1252.0,1268,2365,2,8,3.0,856.0,337000.0,0,0,0,0
764,8,1995,1996,1494.0,1494,1494,1,6,2.0,481.0,270000.0,0,0,1,0
765,9,2008,2008,1498.0,1506,1506,2,6,2.0,592.0,264132.0,0,0,1,0
766,7,1988,1988,980.0,980,1714,2,7,2.0,496.0,196500.0,1,0,0,1
767,6,1940,1985,983.0,983,1750,2,7,1.0,423.0,160000.0,1,0,0,1
768,7,2004,2005,1860.0,1836,1836,2,8,2.0,484.0,216837.0,0,0,0,0
769,8,2003,2003,1650.0,1690,3279,3,12,3.0,841.0,538000.0,0,0,1,0
770,5,1982,1982,858.0,858,858,1,5,2.0,576.0,134900.0,1,0,0,1
771,4,1951,1951,836.0,1220,1220,1,6,2.0,396.0,102000.0,1,0,0,1
772,6,1976,1976,1029.0,1117,1117,1,6,2.0,672.0,107000.0,1,0,0,1
773,5,1958,1958,912.0,912,912,1,5,1.0,275.0,114500.0,1,0,0,1
774,8,2006,2006,1935.0,1973,1973,2,9,3.0,895.0,395000.0,0,0,0,0
775,6,1998,1998,1204.0,1204,1204,2,5,2.0,412.0,162000.0,1,1,0,1
776,7,2005,2006,1614.0,1614,1614,2,7,3.0,865.0,221500.0,0,0,0,0
777,5,1974,1974,864.0,894,894,1,5,2.0,440.0,142500.0,1,0,0,1
778,5,1977,1977,0.0,2020,2020,2,10,2.0,630.0,144000.0,1,0,0,1
779,6,1977,1977,975.0,1004,1004,1,4,2.0,504.0,135000.0,1,0,0,1
780,7,1995,1996,1237.0,1253,1253,2,6,2.0,402.0,176000.0,1,0,0,1
781,6,1992,1992,761.0,810,1603,2,7,2.0,484.0,175900.0,0,0,0,0
782,7,2001,2002,1413.0,1430,1430,2,6,2.0,605.0,187100.0,0,0,0,0
783,5,1978,1978,1097.0,1110,1110,1,4,2.0,602.0,165500.0,1,0,0,0
784,6,1914,2001,742.0,742,1484,2,9,0.0,0.0,128000.0,1,0,0,1
785,6,1967,1967,1372.0,1342,1342,2,7,2.0,457.0,161500.0,1,0,0,1
786,5,1915,1950,686.0,966,1652,2,7,1.0,416.0,139000.0,1,0,0,1
787,7,2004,2004,956.0,956,2084,2,8,2.0,618.0,233000.0,0,0,0,0
788,4,1954,2000,901.0,901,901,1,4,1.0,281.0,107900.0,1,0,0,1
789,6,1966,2007,832.0,976,2087,2,9,2.0,444.0,187500.0,1,0,0,0
790,7,2005,2006,1145.0,1145,1145,2,5,2.0,397.0,160200.0,0,0,0,0
791,6,1976,1976,1029.0,1062,1062,1,5,2.0,539.0,146800.0,1,0,0,1
792,7,1996,1997,1117.0,1127,2013,2,8,2.0,455.0,269790.0,0,0,0,1
793,8,2007,2007,1496.0,1496,1496,2,7,2.0,474.0,225000.0,0,0,0,0
794,7,1994,1996,712.0,1086,1895,2,7,2.0,409.0,194500.0,0,0,0,0
795,6,1980,1981,650.0,888,1564,2,7,2.0,476.0,171000.0,1,0,0,1
796,6,1977,1977,660.0,1285,1285,1,7,2.0,528.0,143500.0,1,0,0,1
797,5,1953,1953,773.0,773,773,1,4,1.0,240.0,110000.0,1,0,0,1
798,9,2008,2009,1926.0,1966,3140,3,11,3.0,820.0,485000.0,0,1,1,0
799,5,1937,1950,731.0,981,1768,1,7,1.0,240.0,175000.0,1,0,0,0
800,6,1997,1997,616.0,616,1688,2,8,2.0,603.0,200000.0,1,0,0,0
801,4,1916,1990,1196.0,1196,1196,1,5,2.0,440.0,109900.0,1,0,0,1
802,7,2005,2005,728.0,728,1456,2,7,2.0,410.0,189000.0,0,0,0,0
803,9,2008,2009,1734.0,1734,2822,3,12,3.0,1020.0,582933.0,0,1,1,0
804,5,1954,1954,936.0,1128,1128,1,5,1.0,286.0,118000.0,1,0,0,1
805,7,2008,2008,1417.0,1428,1428,2,6,2.0,554.0,227680.0,0,0,1,0
806,5,1967,1967,980.0,980,980,2,6,1.0,384.0,135500.0,1,0,0,1
807,5,1923,2004,1324.0,1072,1576,1,6,2.0,528.0,223500.0,1,0,0,0
808,5,1966,1966,1024.0,1086,1086,1,6,2.0,484.0,159950.0,1,0,0,1
809,5,1898,1965,849.0,1075,2138,2,11,2.0,360.0,106000.0,1,0,0,1
810,6,1974,1999,1040.0,1309,1309,1,5,2.0,484.0,181000.0,1,0,0,0
811,6,2004,2004,848.0,848,848,1,4,2.0,420.0,144500.0,0,0,0,0
812,5,1952,1952,540.0,1044,1044,1,4,2.0,504.0,55993.0,0,0,0,0
813,6,1958,1958,1442.0,1442,1442,1,7,1.0,301.0,157900.0,1,0,0,1
814,5,1918,1950,686.0,686,1250,1,7,1.0,280.0,116000.0,1,0,0,0
815,7,1998,1998,1649.0,1661,1661,2,6,2.0,598.0,224900.0,1,0,0,0
816,5,1954,1954,1008.0,1008,1008,1,4,1.0,275.0,137000.0,1,0,0,1
817,8,2002,2002,1568.0,1689,1689,2,7,3.0,857.0,271000.0,0,0,0,0
818,6,1971,1971,1010.0,1052,1052,1,6,2.0,440.0,155000.0,1,0,0,1
819,7,2009,2010,1358.0,1358,1358,2,6,2.0,484.0,224000.0,0,0,0,0
820,7,2003,2003,798.0,798,1640,2,6,2.0,595.0,183000.0,0,0,0,0
821,4,1953,1953,936.0,936,936,1,4,2.0,576.0,93000.0,0,0,0,1
822,7,2003,2003,847.0,847,1733,2,7,2.0,433.0,225000.0,0,0,0,0
823,6,1940,1950,778.0,944,1489,2,7,1.0,240.0,139500.0,1,0,0,1
824,8,2006,2006,1489.0,1489,1489,2,7,2.0,776.0,232600.0,0,0,0,0
825,10,2007,2008,2078.0,2084,2084,2,7,3.0,1220.0,385000.0,0,1,1,0
826,5,1924,1950,784.0,784,784,1,5,0.0,0.0,109500.0,1,0,0,0
827,7,2001,2001,1454.0,1434,1434,2,6,2.0,527.0,189000.0,0,0,0,0
828,5,1967,1967,1013.0,1160,2126,2,7,2.0,538.0,185000.0,1,0,0,1
829,7,2005,2005,600.0,520,1223,2,4,2.0,480.0,147400.0,0,0,0,0
830,6,1957,1957,1392.0,1392,1392,1,6,2.0,458.0,166000.0,1,0,0,1
831,7,2005,2005,600.0,520,1200,2,4,2.0,480.0,151000.0,1,0,0,0
832,7,2003,2003,941.0,941,1829,2,7,2.0,613.0,237000.0,0,0,0,0
833,6,1964,1964,1516.0,1516,1516,1,6,2.0,472.0,167000.0,1,0,0,1
834,5,1961,1961,1144.0,1144,1144,1,6,2.0,456.0,139950.0,1,0,0,1
835,4,1950,1995,1067.0,1067,1067,2,4,2.0,436.0,128000.0,1,0,0,0
836,5,1948,1973,1559.0,1559,1559,1,5,2.0,812.0,153500.0,1,0,0,1
837,6,1973,1973,483.0,483,987,1,5,1.0,264.0,100000.0,1,0,0,1
838,5,1995,2006,1099.0,1099,1099,1,6,1.0,352.0,144000.0,1,0,0,0
839,5,1946,1995,768.0,768,1200,1,6,1.0,240.0,130500.0,1,0,0,1
840,6,1925,1950,672.0,810,1482,2,7,1.0,400.0,140000.0,1,0,0,0
841,5,1904,2002,650.0,958,1539,2,8,2.0,686.0,157500.0,1,0,0,0
842,6,1966,1966,1127.0,1165,1165,1,6,2.0,490.0,174900.0,1,0,0,1
843,5,1961,1961,1800.0,1800,1800,2,10,0.0,0.0,141000.0,1,0,0,1
844,5,1915,1950,876.0,876,1416,1,7,3.0,720.0,153900.0,1,0,0,1
845,5,1975,1981,1390.0,1701,1701,2,6,2.0,611.0,171000.0,1,0,0,1
846,7,1993,1993,740.0,1006,1775,2,7,2.0,425.0,213000.0,0,0,0,0
847,5,1972,1972,864.0,864,864,1,5,1.0,338.0,133500.0,1,0,0,1
848,6,1908,1997,907.0,1307,2358,3,10,2.0,360.0,240000.0,1,0,0,1
849,6,1976,1994,528.0,1094,1855,2,7,2.0,512.0,187000.0,0,0,0,1
850,6,2003,2003,848.0,848,848,1,3,2.0,420.0,131500.0,0,0,0,0
851,8,2003,2003,1273.0,1456,1456,2,7,2.0,400.0,215000.0,0,0,0,0
852,7,1941,1950,918.0,918,1646,2,7,1.0,240.0,164000.0,1,0,0,1
853,6,1964,1964,1127.0,1445,1445,1,7,2.0,645.0,158000.0,1,0,0,1
854,5,1955,1974,1763.0,1779,1779,1,6,2.0,454.0,170000.0,1,0,0,1
855,5,1962,2010,1040.0,1040,1040,1,6,1.0,260.0,127000.0,1,0,0,1
856,6,1978,1978,940.0,1026,1026,1,5,2.0,576.0,147000.0,1,0,0,1
857,6,1994,1995,702.0,702,1481,2,6,2.0,343.0,174000.0,1,0,0,1
858,7,1976,1976,1090.0,1370,1370,2,6,2.0,479.0,152000.0,1,0,0,1
859,6,1968,1984,1054.0,1512,2654,2,9,2.0,619.0,250000.0,1,0,0,0
860,7,1918,1998,912.0,912,1426,1,7,1.0,216.0,189950.0,0,0,0,0
861,5,1965,1965,1039.0,1039,1039,1,6,2.0,504.0,131500.0,1,0,0,1
862,6,1984,1985,1040.0,1097,1097,2,6,2.0,480.0,152000.0,1,0,0,1
863,5,1959,1959,1148.0,1148,1148,1,6,1.0,672.0,132500.0,1,0,0,1
864,7,2007,2008,1372.0,1372,1372,2,6,2.0,529.0,250580.0,0,1,0,0
865,5,1970,1970,1002.0,1002,1002,1,5,2.0,902.0,148500.0,1,0,0,1
866,8,2006,2007,1638.0,1646,1646,2,6,3.0,870.0,248900.0,0,0,0,0
867,4,1961,1961,1040.0,1120,1120,1,5,2.0,544.0,129000.0,1,0,0,0
868,5,1948,1950,0.0,1547,2320,2,7,2.0,672.0,169000.0,1,0,0,1
869,7,1993,1994,1050.0,1062,1949,2,8,2.0,574.0,236000.0,0,0,0,0
870,5,1962,1962,894.0,894,894,1,5,1.0,308.0,109500.0,1,0,0,1
871,6,1998,1998,804.0,804,1682,2,7,2.0,523.0,200500.0,1,0,0,0
872,5,1953,1996,105.0,910,910,1,5,2.0,414.0,116000.0,0,0,0,0
873,5,1949,1950,832.0,1036,1268,1,6,1.0,288.0,133000.0,0,0,0,1
874,5,1941,1950,676.0,676,1131,1,5,1.0,200.0,66500.0,1,0,0,1
875,8,2007,2007,1184.0,1184,2610,2,11,2.0,550.0,303477.0,0,0,1,0
876,4,1963,1963,1064.0,1040,1040,1,5,2.0,648.0,132250.0,1,0,0,1
877,9,2004,2005,1462.0,1462,2224,2,10,3.0,738.0,350000.0,0,1,1,0
878,5,1961,1995,1109.0,1155,1155,1,6,2.0,576.0,148000.0,1,0,0,0
879,5,1978,2005,864.0,864,864,1,6,1.0,336.0,136500.0,0,0,0,1
880,5,2005,2006,1090.0,1090,1090,1,5,2.0,450.0,157000.0,1,1,0,1
881,7,1990,1991,1156.0,1187,1717,2,7,2.0,400.0,187500.0,0,0,0,0
882,6,1992,1993,808.0,808,1593,2,7,2.0,389.0,178000.0,1,0,0,1
883,4,1912,1950,795.0,954,2230,1,10,1.0,440.0,118500.0,0,0,0,1
884,5,1967,1967,892.0,892,892,1,5,1.0,288.0,100000.0,1,0,0,1
885,9,1999,2000,1698.0,1709,1709,2,5,2.0,506.0,328900.0,0,1,0,0
886,5,1959,2005,1626.0,1712,1712,2,8,2.0,588.0,145000.0,1,0,0,1
887,5,1955,1955,816.0,872,1393,1,8,1.0,300.0,135500.0,1,0,0,1
888,8,1970,1970,2217.0,2217,2217,2,8,2.0,621.0,268000.0,0,0,0,0
889,6,1953,1953,1505.0,1505,1505,1,6,2.0,505.0,149500.0,1,0,0,1
890,5,1949,2006,672.0,672,924,1,6,2.0,576.0,122900.0,1,0,0,1
891,6,1978,1978,918.0,918,1683,2,7,2.0,440.0,172500.0,1,0,0,1
892,6,1963,2003,1059.0,1068,1068,1,6,1.0,264.0,154500.0,1,0,0,1
893,5,1954,1954,1383.0,1383,1383,1,6,1.0,354.0,165000.0,1,0,0,1
894,5,1979,1979,0.0,1535,1535,2,8,2.0,400.0,118858.0,1,0,0,1
895,6,1963,1963,780.0,983,1796,1,8,2.0,483.0,140000.0,1,0,0,1
896,4,1936,1950,951.0,951,951,1,6,1.0,327.0,106500.0,1,0,0,1
897,5,1979,1979,0.0,1120,2240,2,12,2.0,528.0,142953.0,1,0,0,1
898,9,2009,2010,2330.0,2364,2364,2,11,3.0,820.0,611657.0,0,1,1,0
899,5,1961,1994,912.0,1236,1236,1,6,1.0,288.0,135000.0,1,0,0,1
900,4,1971,1971,858.0,858,858,1,4,1.0,684.0,110000.0,1,0,0,1
901,5,1957,2000,992.0,1306,1306,1,5,1.0,756.0,153000.0,1,0,0,1
902,7,2003,2003,783.0,807,1509,2,8,2.0,393.0,180000.0,0,0,0,0
903,7,2006,2006,1670.0,1670,1670,2,7,3.0,690.0,240000.0,0,0,0,0
904,5,1967,1967,876.0,902,902,1,6,1.0,288.0,125500.0,1,0,0,1
905,5,1954,1954,1056.0,1063,1063,1,6,1.0,280.0,128000.0,1,0,0,1
906,8,2006,2006,1623.0,1636,1636,2,8,3.0,865.0,255000.0,0,0,0,0
907,7,1936,1987,1017.0,1020,2057,1,6,1.0,180.0,250000.0,0,0,0,0
908,5,1983,1983,864.0,902,902,1,5,2.0,484.0,131000.0,1,0,0,1
909,6,2005,2005,742.0,742,1484,2,8,2.0,390.0,174000.0,0,0,0,0
910,5,1960,1960,1105.0,1105,2274,2,12,2.0,480.0,154300.0,1,0,0,1
911,5,1977,1989,1268.0,1268,1268,1,5,1.0,252.0,143500.0,1,0,0,0
912,5,1925,1950,768.0,1015,1015,1,6,1.0,450.0,88000.0,1,0,0,1
913,5,1949,1950,1001.0,1001,2002,2,8,3.0,871.0,145000.0,1,0,0,1
914,6,2009,2009,612.0,612,1224,2,4,2.0,528.0,173733.0,0,0,0,0
915,4,1970,1970,546.0,546,1092,1,6,1.0,286.0,75000.0,1,0,0,1
916,2,1949,1950,480.0,480,480,0,4,1.0,308.0,35311.0,1,0,0,1
917,4,1956,1956,1134.0,1229,1229,1,6,1.0,284.0,135000.0,1,0,0,1
918,7,1991,1991,1104.0,912,2127,2,8,3.0,833.0,238000.0,0,1,0,0
919,6,1958,2002,1184.0,1414,1414,1,6,2.0,601.0,176500.0,0,0,0,1
920,6,1994,1994,928.0,936,1721,2,7,2.0,471.0,201000.0,0,0,0,0
921,5,1900,2003,1272.0,1272,2200,2,9,0.0,0.0,145900.0,1,0,0,1
922,6,2005,2006,1316.0,1316,1316,2,6,2.0,397.0,169990.0,0,0,0,0
923,6,1993,1994,1604.0,1617,1617,2,5,2.0,533.0,193000.0,0,0,0,0
924,6,1980,1980,1686.0,1686,1686,2,7,2.0,612.0,207500.0,1,0,0,1
925,5,1977,1977,1126.0,1126,1126,2,6,2.0,540.0,175000.0,1,0,1,0
926,8,2003,2004,1181.0,1234,2374,2,10,3.0,656.0,285000.0,0,0,1,0
927,7,1968,1968,832.0,1098,1978,2,9,2.0,486.0,176000.0,1,0,0,1
928,8,2001,2001,1753.0,1788,1788,2,7,2.0,522.0,236500.0,0,0,1,0
929,7,1997,1997,964.0,993,2236,2,8,2.0,642.0,222000.0,1,0,0,0
930,8,2007,2007,1466.0,1466,1466,2,7,3.0,610.0,201000.0,0,0,0,0
931,5,1965,1965,925.0,925,925,1,5,1.0,429.0,117500.0,1,0,0,1
932,9,2006,2006,1905.0,1905,1905,2,8,3.0,788.0,320000.0,0,1,1,0
933,7,2004,2004,1500.0,1500,1500,2,6,2.0,570.0,190000.0,0,0,0,0
934,7,1960,2007,585.0,2069,2069,2,9,2.0,505.0,242000.0,1,0,0,0
935,4,1926,1953,600.0,747,747,1,5,2.0,528.0,79900.0,1,0,0,1
936,7,2003,2003,1176.0,1200,1200,2,5,2.0,555.0,184900.0,0,0,0,0
937,7,2005,2005,1113.0,1113,1971,2,8,2.0,689.0,253000.0,0,0,0,0
938,7,2006,2006,1391.0,1391,1962,2,7,3.0,868.0,239799.0,0,0,0,0
939,7,1940,1950,1032.0,1207,2403,2,10,1.0,349.0,244400.0,1,0,0,1
940,6,1976,1976,1728.0,1728,1728,2,8,2.0,574.0,150900.0,1,0,0,1
941,7,1999,1999,992.0,1022,2060,2,8,2.0,390.0,214000.0,0,0,0,0
942,4,1977,1977,1440.0,1440,1440,2,8,0.0,0.0,150000.0,1,0,0,1
943,5,1967,1967,1632.0,1632,1632,2,8,2.0,576.0,143000.0,1,0,0,1
944,6,1958,1958,819.0,1344,1344,1,7,2.0,525.0,137500.0,1,0,0,0
945,5,1890,1996,1088.0,1188,1869,1,7,2.0,456.0,124900.0,1,0,0,1
946,5,1959,1959,1144.0,1144,1144,1,6,1.0,796.0,143000.0,1,0,0,1
947,8,2002,2003,1616.0,1629,1629,2,9,3.0,808.0,270000.0,0,0,0,0
948,7,2002,2002,936.0,936,1776,2,7,2.0,474.0,192500.0,0,0,0,0
949,6,1972,2006,1161.0,1381,1381,1,5,2.0,676.0,197500.0,1,0,0,0
950,5,1950,2002,864.0,864,864,1,5,2.0,720.0,129000.0,1,0,0,0
951,5,1965,1965,828.0,965,965,1,6,1.0,300.0,119900.0,1,0,0,1
952,5,1972,2003,768.0,768,768,1,5,1.0,396.0,133900.0,1,0,0,1
953,5,1969,1969,784.0,1168,1968,2,7,2.0,530.0,172000.0,1,0,0,1
954,6,1975,1975,945.0,980,980,2,4,0.0,0.0,127500.0,1,0,0,1
955,6,1946,1950,979.0,979,1958,2,8,2.0,492.0,145000.0,1,0,0,1
956,6,1980,1980,561.0,561,1229,1,5,2.0,462.0,124000.0,1,0,0,1
957,5,1962,1962,1057.0,1057,1057,1,6,2.0,576.0,132000.0,1,0,0,1
958,7,2003,2003,1337.0,1337,1337,2,6,2.0,531.0,185000.0,0,0,0,0
959,7,1999,1999,696.0,696,1416,2,6,2.0,484.0,155000.0,0,0,0,0
960,5,1958,2008,858.0,858,858,1,4,0.0,0.0,116500.0,1,0,0,1
961,6,1977,1995,1330.0,1542,2872,2,11,2.0,619.0,272000.0,1,0,0,1
962,6,1976,1976,804.0,804,1548,2,7,2.0,440.0,155000.0,1,0,0,0
963,9,2007,2007,1800.0,1800,1800,2,7,2.0,702.0,239000.0,0,1,1,0
964,7,2002,2003,817.0,824,1894,2,8,2.0,510.0,214900.0,0,0,0,0
965,6,2005,2007,783.0,783,1484,2,8,2.0,393.0,178900.0,0,0,0,0
966,5,1940,1950,728.0,976,1308,1,7,1.0,256.0,160000.0,0,0,0,1
967,5,1955,1955,1098.0,1098,1098,1,6,1.0,260.0,135000.0,1,0,0,1
968,3,1910,1950,600.0,600,968,1,6,0.0,0.0,37900.0,1,0,0,1
969,6,1958,1958,588.0,1095,1095,1,6,1.0,264.0,140000.0,1,0,0,1
970,4,1949,1950,720.0,720,1192,1,6,0.0,0.0,135000.0,1,0,0,1
971,7,2003,2004,764.0,764,1626,2,6,2.0,474.0,173000.0,0,0,0,0
972,6,1979,1979,918.0,918,918,2,5,1.0,264.0,99500.0,1,0,0,1
973,7,2007,2008,1428.0,1428,1428,2,6,2.0,480.0,182000.0,0,0,0,0
974,7,1910,1993,728.0,1136,2019,1,8,2.0,532.0,167500.0,1,0,0,0
975,7,2000,2000,673.0,673,1382,2,6,2.0,490.0,165000.0,0,0,0,0
976,4,1923,1958,440.0,869,869,1,4,0.0,0.0,85500.0,1,0,0,0
977,7,2006,2007,1241.0,1241,1241,1,4,2.0,569.0,199900.0,0,0,0,0
978,4,1954,1954,894.0,894,894,1,5,2.0,400.0,110000.0,1,0,0,1
979,5,1963,1963,1121.0,1121,1121,1,5,2.0,480.0,139000.0,1,0,0,1
980,7,1961,2007,944.0,999,999,1,6,2.0,588.0,178400.0,0,0,1,0
981,8,1998,1999,1225.0,1276,2612,2,8,3.0,676.0,336000.0,0,0,0,0
982,7,2007,2007,1266.0,1266,1266,2,6,2.0,388.0,159895.0,0,0,0,0
983,8,2002,2002,1128.0,1149,2290,2,9,2.0,779.0,255900.0,0,0,0,0
984,5,1977,1977,0.0,1302,1734,2,8,2.0,539.0,126000.0,1,0,0,0
985,5,1950,1950,1164.0,1164,1164,1,5,1.0,240.0,125000.0,1,0,0,1
986,6,1910,2003,485.0,1001,1635,1,5,1.0,255.0,117000.0,1,0,0,0
987,9,2009,2010,1930.0,1940,1940,2,8,3.0,606.0,395192.0,0,1,1,0
988,6,1976,1976,848.0,1118,2030,2,8,2.0,551.0,195000.0,1,0,0,0
989,7,2006,2006,770.0,778,1576,2,6,2.0,614.0,197000.0,0,0,0,0
990,8,1997,1998,1396.0,1407,2392,2,7,3.0,870.0,348000.0,0,0,0,0
991,8,1882,1986,916.0,916,1742,1,8,2.0,424.0,168000.0,0,0,0,0
992,6,1964,1993,822.0,1020,1851,2,7,2.0,440.0,187000.0,1,0,0,0
993,6,2005,2006,750.0,750,1500,2,6,2.0,564.0,173900.0,1,0,0,0
994,10,2006,2007,1700.0,1718,1718,2,7,3.0,786.0,337500.0,0,1,1,0
995,4,1946,1950,747.0,774,1230,1,5,1.0,305.0,121600.0,1,0,0,1
996,5,1961,1961,1050.0,1050,1050,1,6,1.0,368.0,136500.0,1,0,0,1
997,6,1970,1970,1442.0,1442,1442,2,6,2.0,615.0,185000.0,1,0,0,1
998,3,1922,1950,1007.0,1077,1077,1,6,1.0,210.0,91000.0,1,0,0,1
999,7,2006,2006,1187.0,1208,1208,2,6,2.0,632.0,206000.0,0,0,0,0
1000,3,1952,1952,0.0,944,944,1,4,2.0,528.0,82000.0,1,0,0,0
1001,5,1920,1950,691.0,691,691,1,4,1.0,216.0,86000.0,1,0,1,0
1002,8,2006,2006,1574.0,1574,1574,2,7,3.0,824.0,232000.0,0,0,0,0
1003,5,1976,1976,1680.0,1680,1680,2,8,2.0,528.0,136905.0,1,0,0,1
1004,7,2005,2006,1346.0,1504,1504,2,7,2.0,457.0,181000.0,0,0,0,0
1005,5,1977,1977,985.0,985,985,2,6,1.0,328.0,149900.0,0,0,0,1
1006,6,1970,1970,1657.0,1657,1657,2,7,2.0,484.0,163500.0,1,0,0,1
1007,4,1970,1970,546.0,546,1092,1,6,1.0,286.0,88000.0,1,0,0,1
1008,7,2004,2005,1710.0,1710,1710,2,7,2.0,550.0,240000.0,0,1,0,0
1009,5,1926,1950,1008.0,1008,1522,2,7,0.0,0.0,102000.0,1,0,0,1
1010,5,1948,1950,720.0,720,1271,2,7,1.0,312.0,135000.0,1,0,0,1
1011,5,1965,1965,0.0,1664,1664,2,8,0.0,0.0,100000.0,1,0,0,1
1012,6,1923,1996,602.0,900,1502,1,7,1.0,180.0,165000.0,1,0,0,0
1013,5,1910,2006,1022.0,1022,1022,1,4,1.0,280.0,85000.0,1,0,0,1
1014,6,1948,1950,1082.0,1082,1082,1,5,1.0,240.0,119200.0,1,0,0,1
1015,8,2001,2001,810.0,810,1665,2,6,2.0,528.0,227000.0,0,0,0,0
1016,7,1996,1996,1504.0,1504,1504,2,6,2.0,478.0,203000.0,0,0,0,0
1017,8,1984,1984,1220.0,1360,1360,1,4,2.0,565.0,187500.0,0,0,0,0
1018,7,1991,1992,384.0,802,1472,2,7,2.0,402.0,160000.0,0,0,0,0
1019,7,2005,2005,1362.0,1506,1506,2,6,2.0,440.0,213490.0,0,0,0,0
1020,4,2005,2005,1132.0,1132,1132,1,5,2.0,451.0,176000.0,1,0,0,0
1021,7,2006,2006,1199.0,1220,1220,2,6,2.0,632.0,194000.0,0,0,0,0
1022,5,1930,1950,912.0,912,1248,1,6,1.0,160.0,87000.0,1,0,0,1
1023,7,2005,2006,1346.0,1504,1504,2,7,2.0,437.0,191000.0,0,0,0,0
1024,8,1976,1976,1565.0,2898,2898,2,10,2.0,665.0,287000.0,0,0,0,0
1025,5,1972,1972,882.0,882,882,1,5,2.0,461.0,112500.0,1,0,0,1
1026,5,1960,1960,1268.0,1264,1264,1,6,2.0,461.0,167500.0,1,0,0,1
1027,8,2007,2008,1638.0,1646,1646,2,7,3.0,800.0,293077.0,0,0,0,0
1028,5,1941,1950,768.0,968,1376,1,6,1.0,240.0,105000.0,1,0,0,1
1029,6,1972,1972,672.0,672,1218,1,7,1.0,264.0,118000.0,1,0,0,1
1030,5,1916,1995,686.0,948,1928,2,10,0.0,0.0,160000.0,1,0,0,1
1031,7,1920,1970,824.0,1687,3082,2,12,2.0,672.0,197000.0,1,0,0,1
1032,8,1993,1993,1338.0,1352,2520,2,10,3.0,796.0,310000.0,0,0,0,0
1033,7,2002,2002,1654.0,1654,1654,2,6,3.0,900.0,230000.0,0,0,0,0
1034,5,1938,1950,920.0,954,954,1,5,1.0,240.0,119750.0,1,0,0,0
1035,4,1957,1957,0.0,845,845,1,5,1.0,290.0,84000.0,1,0,0,1
1036,9,2007,2008,1620.0,1620,1620,2,6,3.0,912.0,315500.0,0,1,1,0
1037,8,2001,2002,1055.0,1055,2263,2,7,2.0,905.0,287000.0,0,0,0,0
1038,4,1970,2008,546.0,798,1344,1,6,0.0,0.0,97000.0,1,0,0,1
1039,4,1970,1970,630.0,630,630,1,3,1.0,286.0,80000.0,1,0,0,1
1040,5,1957,2000,1134.0,1803,1803,2,8,2.0,484.0,155000.0,1,0,0,1
1041,6,1966,2000,800.0,800,1632,1,7,2.0,484.0,173000.0,1,0,0,0
1042,6,2005,2005,1306.0,1306,1306,2,5,2.0,624.0,196000.0,0,0,0,0
1043,7,1990,1990,1475.0,1532,2329,2,10,2.0,514.0,262280.0,1,0,0,0
1044,8,1981,1981,2524.0,2524,2524,2,9,2.0,542.0,278000.0,0,0,0,0
1045,3,1955,1955,0.0,1733,1733,2,8,2.0,452.0,139600.0,1,0,0,1
1046,9,2005,2006,1992.0,1992,2868,3,11,3.0,716.0,556581.0,0,1,1,0
1047,5,1994,1995,990.0,990,990,1,5,2.0,672.0,145000.0,1,0,0,1
1048,5,1960,2006,0.0,1771,1771,1,9,2.0,336.0,115000.0,1,0,0,1
1049,4,1946,2006,0.0,930,930,1,6,1.0,308.0,84900.0,1,0,0,0
1050,7,2007,2007,1302.0,1302,1302,2,6,2.0,436.0,176485.0,0,0,0,0
1051,7,2007,2007,1316.0,1316,1316,2,6,2.0,440.0,200141.0,0,0,0,0
1052,6,1964,1978,816.0,1127,1977,1,9,2.0,540.0,165000.0,1,0,0,1
1053,5,1957,2002,1216.0,1526,1526,1,7,1.0,364.0,144500.0,1,0,0,1
1054,8,2002,2002,1065.0,1091,1989,2,7,2.0,586.0,255000.0,0,0,0,0
1055,6,1976,1976,1193.0,1523,1523,2,7,2.0,478.0,180000.0,1,0,0,1
1056,7,2005,2005,1364.0,1364,1364,2,6,2.0,484.0,185850.0,0,0,0,0
1057,7,1994,1994,973.0,979,1850,2,7,2.0,467.0,248000.0,0,0,0,0
1058,9,2008,2008,1104.0,1130,2184,2,10,3.0,836.0,335000.0,0,1,1,0
1059,6,1932,1950,854.0,1096,1991,1,7,2.0,432.0,220000.0,1,0,0,1
1060,8,2001,2001,1338.0,1338,1338,2,6,2.0,582.0,213500.0,0,0,0,0
1061,3,1935,1950,894.0,894,894,1,6,3.0,1248.0,81000.0,0,0,0,1
1062,5,1900,1950,662.0,1422,2337,2,10,2.0,560.0,90000.0,1,0,0,1
1063,6,1925,1980,1103.0,1103,1103,1,5,2.0,440.0,110500.0,1,0,0,0
1064,5,1966,1966,1154.0,1154,1154,1,6,2.0,480.0,154000.0,1,0,0,1
1065,7,1996,1997,1306.0,1306,2260,2,7,2.0,533.0,328000.0,0,1,0,0
1066,6,1993,1994,799.0,799,1571,2,7,2.0,380.0,178000.0,0,0,0,1
1067,6,1964,1964,780.0,798,1611,1,7,2.0,442.0,167900.0,1,0,0,1
1068,6,1973,1973,942.0,1291,2521,2,10,2.0,576.0,151400.0,1,0,0,1
1069,5,1949,2003,845.0,893,893,1,4,2.0,576.0,135000.0,1,0,0,0
1070,5,1956,1956,1048.0,1048,1048,1,6,1.0,286.0,135000.0,1,0,0,1
1071,6,1968,1968,727.0,829,1556,1,8,2.0,441.0,154000.0,1,0,0,1
1072,5,1948,1950,810.0,1002,1456,1,7,1.0,280.0,91500.0,1,0,0,1
1073,6,1977,1977,690.0,698,1426,1,6,2.0,440.0,159500.0,1,0,0,1
1074,7,2006,2006,1240.0,1240,1240,2,5,3.0,826.0,194000.0,0,0,0,0
1075,7,1940,1984,800.0,960,1740,1,6,1.0,240.0,219500.0,1,0,0,1
1076,5,1936,1989,796.0,1096,1466,2,7,2.0,566.0,170000.0,1,0,0,0
1077,5,1969,1969,1096.0,1096,1096,1,6,1.0,299.0,138800.0,1,0,0,1
1078,6,2004,2004,848.0,848,848,1,3,2.0,420.0,155900.0,0,0,0,0
1079,5,1994,1994,990.0,990,990,1,5,1.0,299.0,126000.0,1,0,0,1
1080,6,1971,2004,1258.0,1258,1258,2,5,2.0,528.0,145000.0,0,0,0,0
1081,5,1963,1963,1040.0,1040,1040,1,5,1.0,308.0,133000.0,1,0,0,1
1082,7,2002,2002,1459.0,1459,1459,2,6,2.0,527.0,192000.0,0,0,0,0
1083,6,1964,1964,1251.0,1251,1251,1,6,1.0,461.0,160000.0,1,0,0,1
1084,6,1995,1996,691.0,691,1498,2,6,2.0,409.0,187500.0,1,0,0,1
1085,6,1992,1992,936.0,996,996,1,5,2.0,564.0,147000.0,1,0,0,0
1086,4,1973,1973,546.0,546,1092,1,6,1.0,286.0,83500.0,1,0,0,1
1087,8,2005,2006,1082.0,1082,1953,2,9,3.0,1043.0,252000.0,0,0,0,0
1088,7,2004,2004,970.0,970,1709,2,7,2.0,380.0,137500.0,0,0,0,0
1089,8,2005,2005,1247.0,1247,1247,1,4,2.0,550.0,197000.0,0,0,0,0
1090,3,1950,1950,0.0,1040,1040,2,6,2.0,400.0,92900.0,1,0,0,1
1091,7,1999,2000,600.0,624,1252,2,4,2.0,462.0,160000.0,0,0,0,0
1092,6,1925,1950,1181.0,1390,1694,2,7,2.0,576.0,136500.0,1,0,0,1
1093,5,1965,1998,864.0,1200,1200,1,6,2.0,884.0,146000.0,1,0,0,0
1094,5,1956,2000,936.0,936,936,1,4,1.0,308.0,129000.0,1,0,0,1
1095,6,2006,2006,1314.0,1314,1314,2,6,2.0,440.0,176432.0,0,0,0,0
1096,6,1914,2006,684.0,773,1355,1,7,0.0,0.0,127000.0,1,0,0,0
1097,8,1986,1986,1074.0,1088,1088,1,5,2.0,461.0,170000.0,0,0,0,0
1098,4,1936,1950,672.0,757,1324,1,6,1.0,240.0,128000.0,1,0,0,1
1099,7,1978,1978,1271.0,1601,1601,2,7,2.0,478.0,157000.0,1,0,0,1
1100,2,1920,1950,290.0,438,438,1,3,1.0,246.0,60000.0,1,0,0,0
1101,5,1971,1971,950.0,950,950,1,5,1.0,280.0,119500.0,1,0,0,1
1102,5,1960,2002,1010.0,1134,1134,1,6,1.0,254.0,135000.0,1,0,0,1
1103,6,1959,1959,655.0,1194,1194,1,6,2.0,539.0,159500.0,1,0,0,1
1104,5,1970,1970,630.0,630,1302,2,6,2.0,440.0,106000.0,1,0,0,1
1105,8,1994,1995,1463.0,1500,2622,2,9,2.0,712.0,325000.0,0,1,0,0
1106,7,1990,1991,910.0,1442,1442,2,6,2.0,719.0,179900.0,0,0,0,0
1107,7,2006,2006,868.0,887,2021,2,9,2.0,422.0,274725.0,0,1,0,0
1108,6,2000,2000,924.0,948,1690,2,7,2.0,463.0,181000.0,1,0,0,1
1109,8,2004,2005,1836.0,1836,1836,2,7,3.0,862.0,280000.0,0,1,0,0
1110,6,1995,1996,773.0,773,1658,2,8,2.0,431.0,188000.0,1,0,0,1
1111,7,1976,1976,803.0,1098,1964,2,8,2.0,483.0,205000.0,1,0,0,1
1112,5,1957,1957,816.0,816,816,1,5,1.0,308.0,129900.0,1,0,0,1
1113,5,1953,2006,1008.0,1008,1008,1,6,1.0,240.0,134500.0,1,0,0,0
1114,5,1954,2000,833.0,833,833,1,4,1.0,326.0,117000.0,1,0,0,0
1115,8,2007,2007,1734.0,1734,1734,2,7,3.0,928.0,318000.0,0,1,1,0
1116,8,2002,2002,408.0,779,1419,2,7,2.0,527.0,184100.0,0,0,0,0
1117,5,1967,2003,894.0,894,894,1,5,2.0,450.0,130000.0,1,0,0,0
1118,5,1958,1987,533.0,1021,1601,1,6,1.0,300.0,140000.0,1,0,0,1
1119,5,1959,1959,1040.0,1040,1040,1,6,1.0,286.0,133700.0,1,0,0,1
1120,6,1920,1950,1012.0,1012,1012,1,6,1.0,308.0,118400.0,1,0,0,1
1121,7,2005,2006,1552.0,1552,1552,2,7,3.0,782.0,212900.0,0,0,0,0
1122,4,1956,1956,672.0,960,960,1,5,1.0,288.0,112000.0,1,0,0,1
1123,5,1947,2008,698.0,698,698,1,4,0.0,0.0,118000.0,1,0,0,1
1124,7,1992,1992,384.0,812,1482,2,7,2.0,392.0,163900.0,1,0,0,0
1125,4,1955,1955,1005.0,1005,1005,1,5,2.0,672.0,115000.0,1,0,0,0
1126,7,2007,2007,1373.0,1555,1555,2,7,3.0,660.0,174000.0,0,0,0,0
1127,7,2004,2004,1530.0,1530,1530,2,7,3.0,630.0,259000.0,0,0,0,0
1128,7,2004,2005,847.0,847,1959,2,8,2.0,434.0,215000.0,0,0,0,0
1129,5,1980,1980,936.0,936,936,1,4,2.0,672.0,140000.0,1,0,0,1
1130,4,1928,1950,1122.0,1328,1981,2,7,2.0,576.0,135000.0,1,0,0,0
1131,5,1991,1992,974.0,974,974,1,5,0.0,0.0,93500.0,1,0,0,1
1132,6,1880,1950,1008.0,1178,2210,2,8,1.0,205.0,117500.0,1,0,0,0
1133,8,1995,1995,1128.0,1142,2020,2,8,2.0,466.0,239500.0,0,0,0,0
1134,6,1997,1997,916.0,916,1600,2,7,2.0,460.0,169000.0,1,0,0,1
1135,6,1926,1950,960.0,986,986,1,5,1.0,180.0,102000.0,1,0,0,1
1136,6,1950,1950,1032.0,1032,1252,1,6,1.0,288.0,119000.0,1,0,0,1
1137,5,1875,1996,780.0,780,1020,1,6,0.0,0.0,94000.0,1,0,0,1
1138,6,1977,1977,1567.0,1567,1567,2,5,2.0,714.0,196000.0,1,0,0,0
1139,5,1920,1950,915.0,1167,1167,1,6,2.0,495.0,144000.0,1,0,0,1
1140,5,1951,1951,952.0,952,952,1,4,2.0,840.0,139000.0,1,0,0,1
1141,5,1976,1976,780.0,1088,1868,2,9,2.0,484.0,197500.0,1,0,0,0
1142,8,2006,2007,1466.0,1466,2828,3,11,3.0,1052.0,424870.0,0,1,0,0
1143,5,1959,1959,1006.0,1006,1006,1,5,0.0,0.0,80000.0,1,0,0,1
1144,4,1941,1950,672.0,672,924,1,5,1.0,280.0,80000.0,1,0,0,0
1145,5,1928,1950,1042.0,1042,1576,1,8,1.0,225.0,149000.0,1,0,0,1
1146,6,1985,1985,1298.0,1298,1298,2,5,2.0,403.0,180000.0,0,0,0,0
1147,7,1941,1950,704.0,860,1564,1,7,1.0,234.0,174500.0,1,0,0,0
1148,7,1926,1950,572.0,572,1111,1,5,1.0,288.0,116900.0,1,0,0,1
1149,7,1920,1988,650.0,832,1482,1,7,2.0,324.0,143000.0,1,0,0,1
1150,6,1950,1950,932.0,932,932,1,4,1.0,306.0,124000.0,1,0,0,0
1151,5,1959,1959,1466.0,1466,1466,1,6,2.0,528.0,149900.0,1,0,0,0
1152,6,1956,2004,1073.0,1811,1811,1,6,2.0,470.0,230000.0,1,0,1,0
1153,6,1930,2007,816.0,816,816,1,5,1.0,432.0,120500.0,0,0,0,1
1154,7,1965,1988,864.0,902,1820,1,8,2.0,492.0,201800.0,1,0,0,0
1155,5,1976,2004,1437.0,1437,1437,2,6,2.0,528.0,218000.0,0,0,0,0
1156,5,1965,1999,1219.0,1265,1265,2,6,2.0,502.0,179900.0,1,0,0,0
1157,7,2007,2008,1314.0,1314,1314,2,6,2.0,626.0,230000.0,0,0,0,0
1158,8,2007,2008,1580.0,1580,1580,2,7,3.0,830.0,235128.0,0,0,0,0
1159,6,1974,1974,901.0,943,1876,2,8,2.0,540.0,185000.0,0,0,0,0
1160,6,1978,1978,855.0,855,1456,2,7,2.0,440.0,146000.0,1,0,0,1
1161,6,1954,2006,1296.0,1640,1640,1,7,2.0,924.0,224000.0,0,0,0,0
1162,5,1968,1968,894.0,894,894,1,5,2.0,450.0,129000.0,1,0,0,1
1163,4,1969,1969,1198.0,1258,1258,0,6,2.0,400.0,108959.0,1,0,0,1
1164,5,1978,1978,1360.0,1432,1432,1,5,2.0,588.0,194000.0,1,0,0,0
1165,7,2009,2009,1502.0,1502,1502,2,7,2.0,644.0,233170.0,0,0,0,0
1166,8,2008,2008,1694.0,1694,1694,2,7,3.0,776.0,245350.0,0,0,0,0
1167,6,2000,2000,959.0,959,1671,2,7,2.0,472.0,173000.0,1,0,0,1
1168,6,1935,1986,1127.0,1236,2108,2,7,2.0,540.0,235000.0,1,0,0,0
1169,10,1995,1996,1930.0,1831,3627,3,10,3.0,807.0,625000.0,0,1,0,0
1170,6,1977,1977,1096.0,1118,1118,1,6,1.0,358.0,171000.0,1,0,0,1
1171,6,1958,1958,1261.0,1261,1261,1,6,2.0,433.0,163000.0,1,0,0,1
1172,7,2006,2007,625.0,625,1250,2,5,2.0,625.0,171900.0,0,0,0,0
1173,5,1946,1994,1598.0,1636,3086,3,12,0.0,0.0,200500.0,1,0,1,0
1174,6,1932,1950,952.0,1170,2345,2,9,2.0,360.0,239000.0,1,0,0,1
1175,8,1992,2000,1683.0,2129,2872,2,9,2.0,541.0,285000.0,0,0,0,0
1176,5,1984,1985,876.0,923,923,1,5,1.0,264.0,119500.0,1,0,0,1
1177,6,1926,2004,818.0,818,1224,1,5,1.0,210.0,115000.0,1,0,0,1
1178,5,1921,1950,731.0,820,1343,1,7,1.0,186.0,154900.0,1,0,0,1
1179,5,1954,1954,0.0,1124,1124,1,5,0.0,0.0,93000.0,1,0,0,1
1180,7,1990,1991,1216.0,1298,2514,2,8,2.0,693.0,250000.0,1,0,0,1
1181,8,2008,2008,1600.0,1652,1652,2,5,2.0,482.0,392500.0,0,1,0,0
1182,10,1996,1996,2396.0,2411,4476,3,10,3.0,813.0,745000.0,0,1,1,0
1183,5,1920,1950,1120.0,1130,1130,1,5,2.0,720.0,120000.0,1,0,0,1
1184,5,1963,1963,1572.0,1572,1572,1,5,3.0,995.0,186700.0,1,0,0,1
1185,5,1924,1950,784.0,949,1221,1,7,1.0,392.0,104900.0,1,0,0,1
1186,3,1900,1970,978.0,1014,1699,2,7,2.0,420.0,95000.0,1,0,0,1
1187,8,1994,1995,1624.0,1624,1624,2,5,3.0,757.0,262000.0,0,0,0,0
1188,7,2002,2002,831.0,831,1660,2,7,2.0,493.0,195000.0,0,0,0,0
1189,7,1999,1999,994.0,1028,1804,2,7,2.0,442.0,189000.0,1,0,0,0
1190,4,1961,1975,1249.0,1622,1622,1,7,4.0,1356.0,168000.0,1,0,0,1
1191,8,1999,2000,776.0,764,1441,2,5,2.0,492.0,174000.0,0,0,0,0
1192,5,1925,1994,702.0,842,1472,1,6,1.0,250.0,125000.0,1,0,0,0
1193,6,1999,1999,1224.0,1224,1224,2,5,2.0,402.0,165000.0,1,1,0,1
1194,6,1969,1969,663.0,663,1352,1,7,1.0,299.0,158000.0,1,0,0,1
1195,6,2005,2005,728.0,728,1456,2,8,2.0,400.0,176000.0,1,0,0,0
1196,7,2006,2006,879.0,879,1863,2,9,3.0,660.0,219210.0,0,0,0,0
1197,7,1916,1950,815.0,815,1690,1,7,1.0,225.0,144000.0,1,0,0,1
1198,7,2001,2001,1212.0,1212,1212,2,6,2.0,573.0,178000.0,0,0,0,0
1199,4,1963,1979,1051.0,1382,1382,1,6,2.0,459.0,148000.0,1,0,0,1
1200,4,1970,1970,864.0,864,864,1,5,1.0,280.0,116050.0,1,0,0,1
1201,7,1998,1998,866.0,866,1779,2,6,2.0,546.0,197900.0,1,0,0,0
1202,5,1925,1997,884.0,884,1348,1,5,1.0,216.0,117000.0,1,0,0,1
1203,7,2000,2001,1630.0,1630,1630,2,6,2.0,451.0,213000.0,0,0,0,0
1204,5,1975,1975,1056.0,1074,1074,1,6,2.0,495.0,153500.0,1,0,0,1
1205,7,1990,1991,2158.0,2196,2196,2,7,3.0,701.0,271900.0,0,0,0,0
1206,4,1966,1966,1056.0,1056,1056,1,5,1.0,384.0,107000.0,1,0,0,1
1207,6,2003,2003,1682.0,1700,1700,2,7,2.0,544.0,200000.0,0,0,0,0
1208,5,1962,1980,931.0,1283,1283,1,6,2.0,506.0,140000.0,1,0,0,1
1209,8,2006,2006,1660.0,1660,1660,2,8,2.0,500.0,290000.0,0,1,0,0
1210,6,1992,1992,1055.0,1055,1845,2,8,2.0,462.0,189000.0,0,0,0,0
1211,8,1988,2005,559.0,1080,1752,2,8,2.0,492.0,164000.0,0,0,0,1
1212,4,1941,1950,672.0,672,672,1,4,1.0,234.0,113000.0,1,0,0,1
1213,4,1965,2001,648.0,960,960,0,3,1.0,364.0,145000.0,1,0,0,1
1214,5,1962,1962,925.0,999,999,1,6,1.0,300.0,134500.0,1,0,0,1
1215,5,1966,1966,894.0,894,894,1,5,1.0,384.0,125000.0,1,0,0,1
1216,6,1978,1978,0.0,1318,1902,2,8,2.0,539.0,112000.0,1,0,0,1
1217,8,2009,2009,1300.0,1314,1314,2,6,2.0,552.0,229456.0,0,0,0,0
1218,4,1947,1950,0.0,672,912,1,3,0.0,0.0,80500.0,1,0,0,1
1219,6,1971,1971,672.0,672,1218,1,7,0.0,0.0,91500.0,1,0,0,1
1220,5,1964,1964,912.0,912,912,1,5,1.0,288.0,115000.0,1,0,0,1
1221,5,1968,1968,952.0,1211,1211,1,5,1.0,322.0,134000.0,1,0,0,1
1222,6,1949,1950,1040.0,1168,1846,2,7,1.0,315.0,143000.0,1,0,0,1
1223,5,1951,1951,2136.0,2136,2136,2,7,2.0,528.0,137900.0,1,0,0,1
1224,7,2004,2005,788.0,788,1490,2,8,2.0,388.0,184000.0,0,0,0,0
1225,6,1958,1958,588.0,1138,1138,1,6,1.0,264.0,145000.0,1,0,0,1
1226,6,2007,2007,894.0,894,1933,2,9,3.0,668.0,214000.0,0,0,0,0
1227,5,1965,2008,912.0,912,912,1,5,2.0,576.0,147000.0,1,0,0,0
1228,9,2008,2008,1702.0,1702,1702,1,7,3.0,1052.0,367294.0,0,1,1,0
1229,5,1960,1960,1075.0,1507,1507,2,7,1.0,404.0,127000.0,1,0,0,1
1230,5,1977,1977,1361.0,1361,2620,2,12,2.0,600.0,190000.0,1,0,0,1
1231,5,1962,1962,1106.0,1190,1190,1,6,2.0,540.0,132500.0,1,0,0,1
1232,4,1962,1962,0.0,1224,1224,2,6,2.0,462.0,101800.0,1,0,0,1
1233,5,1959,1959,1188.0,1188,1188,1,6,2.0,531.0,142000.0,1,0,0,1
1234,5,1911,1950,940.0,1024,1964,1,7,0.0,0.0,130000.0,1,0,0,1
1235,5,1914,1950,747.0,892,1784,1,9,1.0,180.0,138887.0,1,0,0,1
1236,7,2003,2003,764.0,764,1626,2,6,2.0,474.0,175500.0,0,0,0,0
1237,7,2004,2005,847.0,847,1948,2,8,2.0,434.0,195000.0,0,0,0,0
1238,6,2005,2005,1141.0,1141,1141,1,6,2.0,484.0,142500.0,0,0,0,1
1239,8,2006,2006,1476.0,1484,1484,2,6,2.0,472.0,265900.0,0,0,1,0
1240,7,2003,2003,884.0,884,1768,2,8,2.0,543.0,224900.0,0,0,0,0
1241,7,2007,2007,1689.0,1689,1689,2,7,3.0,954.0,248328.0,0,0,0,0
1242,7,1974,1974,1053.0,1173,1173,2,6,2.0,528.0,170000.0,1,0,0,0
1243,10,2006,2006,2076.0,2076,2076,2,7,3.0,850.0,465000.0,0,1,1,0
1244,8,1929,1950,792.0,792,1517,1,7,2.0,400.0,230000.0,1,0,0,0
1245,6,1984,2003,585.0,1140,1868,3,7,2.0,477.0,178000.0,1,0,0,1
1246,7,2005,2006,756.0,756,1553,2,6,2.0,615.0,186500.0,0,0,0,0
1247,6,1976,1976,1012.0,1034,1034,1,6,3.0,888.0,169900.0,1,0,0,1
1248,6,1917,1950,735.0,1134,2058,1,8,2.0,396.0,129500.0,1,0,0,1
1249,5,1950,1950,876.0,988,988,1,6,1.0,276.0,119000.0,1,0,0,1
1250,7,1968,1968,2110.0,2110,2110,2,8,2.0,522.0,244000.0,0,0,1,0
1251,7,2003,2003,1405.0,1405,1405,2,6,2.0,478.0,171750.0,0,0,0,0
1252,5,1968,1968,864.0,874,874,1,5,1.0,288.0,130000.0,1,0,0,1
1253,7,1974,2003,1192.0,1516,2167,2,9,2.0,518.0,294000.0,0,0,0,0
1254,7,2003,2004,746.0,760,1656,2,7,2.0,397.0,165400.0,0,0,0,0
1255,6,1931,1950,884.0,959,1367,1,6,1.0,560.0,127500.0,1,0,0,1
1256,8,1994,1994,1986.0,1987,1987,2,7,2.0,691.0,301500.0,0,0,0,0
1257,5,1922,1950,864.0,864,864,1,4,0.0,0.0,99900.0,1,0,0,1
1258,7,2005,2005,856.0,1166,1166,2,5,2.0,400.0,190000.0,0,0,0,0
1259,6,1969,1969,1054.0,1054,1054,1,6,2.0,460.0,151000.0,1,0,0,1
1260,6,1999,1999,841.0,892,1675,2,7,2.0,502.0,181000.0,1,0,0,1
1261,5,1956,1956,1050.0,1050,1050,1,5,1.0,338.0,128900.0,1,0,0,1
1262,4,1957,1989,1104.0,1104,1788,1,8,1.0,304.0,161500.0,1,0,0,1
1263,6,1919,1950,764.0,1060,1824,1,8,2.0,520.0,180500.0,1,0,0,1
1264,6,1998,1999,1405.0,1337,1337,2,5,2.0,511.0,181000.0,0,0,0,0
1265,7,1999,1999,691.0,713,1452,2,6,2.0,506.0,183900.0,0,0,0,0
1266,7,1910,1950,925.0,964,1889,1,9,1.0,308.0,122000.0,0,0,0,1
1267,9,2008,2009,2002.0,2018,2018,2,10,3.0,746.0,378500.0,0,1,1,0
1268,8,1935,1997,728.0,1968,3447,3,11,3.0,1014.0,381000.0,1,0,0,0
1269,5,1958,1958,874.0,874,1524,1,7,1.0,315.0,144000.0,1,0,0,1
1270,7,1979,1979,1332.0,1332,1524,0,4,2.0,586.0,260000.0,0,0,0,0
1271,6,1968,1968,1489.0,1489,1489,2,7,2.0,462.0,185750.0,1,0,0,0
1272,5,1965,1965,935.0,935,935,1,5,1.0,288.0,137000.0,1,0,0,1
1273,6,1959,2006,1019.0,1357,1357,1,5,1.0,312.0,177000.0,1,0,1,0
1274,5,1910,2003,661.0,661,1250,2,8,2.0,552.0,139000.0,1,0,0,1
1275,5,1948,1950,928.0,928,1920,2,10,2.0,400.0,137000.0,1,0,0,1
1276,6,1972,1972,723.0,735,1395,1,6,2.0,497.0,162000.0,1,0,0,1
1277,6,1967,1976,1680.0,1724,1724,1,7,2.0,480.0,197900.0,1,0,0,1
1278,8,2002,2002,1128.0,1128,2031,2,7,2.0,577.0,237000.0,0,0,0,0
1279,4,1920,1950,698.0,698,1128,1,6,2.0,528.0,68400.0,1,0,0,1
1280,7,2002,2002,1573.0,1573,1573,2,6,2.0,544.0,227000.0,0,0,0,0
1281,7,1990,1990,1309.0,1339,1339,2,6,2.0,484.0,180000.0,1,0,0,1
1282,5,1977,2008,1040.0,1040,1040,2,5,2.0,484.0,150500.0,1,0,0,0
1283,6,1971,1971,912.0,912,1824,2,8,0.0,0.0,139000.0,1,0,0,1
1284,6,1919,1990,804.0,1699,2447,2,10,1.0,336.0,169000.0,1,0,0,0
1285,6,1939,1950,780.0,825,1412,1,6,1.0,280.0,132500.0,1,0,0,1
1286,6,1963,1963,1328.0,1328,1328,1,6,2.0,528.0,143000.0,1,0,0,1
1287,5,1964,1964,1624.0,1582,1582,2,7,2.0,390.0,190000.0,1,0,0,1
1288,8,2000,2000,1501.0,1659,1659,2,5,2.0,499.0,278000.0,0,0,1,0
1289,8,2006,2006,1085.0,1120,1970,2,8,3.0,753.0,281000.0,0,0,1,0
1290,5,1964,1964,1152.0,1152,1152,1,6,2.0,484.0,180500.0,1,0,0,1
1291,5,1972,1972,630.0,630,1302,2,6,1.0,264.0,119500.0,1,0,0,1
1292,5,1892,1965,994.0,1378,2372,2,11,1.0,432.0,107500.0,1,0,0,1
1293,7,1976,1976,832.0,832,1664,2,8,2.0,528.0,162900.0,1,0,0,1
1294,5,1955,1990,864.0,864,864,1,5,2.0,572.0,115000.0,1,0,0,1
1295,5,1968,1968,1052.0,1052,1052,1,5,1.0,288.0,138500.0,1,0,0,1
1296,5,1963,1963,1120.0,1128,1128,2,6,2.0,525.0,155000.0,1,0,0,1
1297,6,2005,2006,547.0,1072,1072,2,5,2.0,525.0,140000.0,1,0,0,1
1298,10,2008,2008,6110.0,4692,5642,2,12,2.0,1418.0,160000.0,0,1,1,0
1299,5,1959,1994,1246.0,1246,1246,1,6,1.0,305.0,154000.0,1,0,0,0
1300,7,1999,1999,978.0,1005,1983,2,9,2.0,490.0,225000.0,0,0,0,0
1301,6,1942,1950,771.0,753,1494,1,7,1.0,213.0,177500.0,1,0,0,0
1302,8,1994,1994,1165.0,1203,2526,2,8,3.0,844.0,290000.0,0,0,0,0
1303,7,2005,2005,1616.0,1616,1616,2,7,3.0,834.0,232000.0,0,0,0,0
1304,7,2004,2004,976.0,976,1708,2,7,2.0,380.0,130000.0,0,0,0,0
1305,9,2006,2007,1652.0,1652,1652,2,6,2.0,840.0,325000.0,0,1,1,0
1306,7,2005,2006,1368.0,1368,1368,2,6,2.0,474.0,202500.0,0,0,0,0
1307,5,1994,1995,990.0,990,990,1,5,2.0,480.0,138000.0,1,0,0,1
1308,5,1948,2005,924.0,1122,1122,1,6,2.0,528.0,147000.0,1,0,0,0
1309,6,1991,1991,1278.0,1294,1294,2,6,2.0,496.0,179200.0,1,0,0,0
1310,7,1959,2002,1902.0,1902,1902,2,7,2.0,567.0,335000.0,0,0,1,0
1311,7,2005,2007,1274.0,1274,1274,2,6,2.0,508.0,203000.0,0,0,0,0
1312,8,1990,1990,1453.0,1453,2810,2,9,2.0,750.0,302000.0,0,1,0,0
1313,9,1999,1999,1393.0,1422,2599,2,10,3.0,779.0,333168.0,0,0,0,0
1314,4,1954,1954,948.0,948,948,1,5,1.0,280.0,119000.0,1,0,0,1
1315,6,1969,1969,952.0,1092,2112,2,9,2.0,576.0,206900.0,1,0,0,1
1316,8,2008,2008,1622.0,1630,1630,2,8,3.0,860.0,295493.0,0,1,1,0
1317,7,2006,2007,1352.0,1352,1352,2,5,2.0,466.0,208900.0,0,1,0,0
1318,8,2001,2002,1753.0,1787,1787,2,7,3.0,748.0,275000.0,0,0,0,0
1319,4,1954,1954,864.0,948,948,1,5,1.0,248.0,111000.0,1,0,0,1
1320,6,1957,1957,1478.0,1478,1478,1,6,2.0,442.0,156500.0,1,0,0,1
1321,3,1949,1950,0.0,720,720,1,4,1.0,287.0,72500.0,1,0,0,1
1322,7,1992,1992,750.0,1061,1923,2,8,2.0,564.0,190000.0,0,0,0,0
1323,4,1940,1950,420.0,708,708,1,5,0.0,0.0,82500.0,0,0,0,0
1324,8,2006,2007,1795.0,1795,1795,2,7,3.0,895.0,147000.0,0,1,0,0
1325,4,1922,1950,796.0,796,796,1,5,0.0,0.0,55000.0,1,0,0,1
1326,3,1931,2006,544.0,774,774,1,6,0.0,0.0,79000.0,1,0,0,0
1327,5,1982,2008,816.0,816,816,1,5,1.0,264.0,130500.0,0,0,0,0
1328,6,1920,1950,1510.0,1584,2792,2,8,2.0,520.0,256000.0,0,0,0,1
1329,7,1998,1998,935.0,955,1632,2,8,2.0,462.0,176500.0,1,0,0,1
1330,8,2006,2006,1588.0,1588,1588,2,7,3.0,825.0,227000.0,0,0,0,0
1331,5,1976,1976,911.0,954,954,1,6,2.0,576.0,132500.0,1,0,0,1
1332,4,1938,1958,816.0,816,816,1,3,1.0,288.0,100000.0,1,0,0,1
1333,5,1938,1995,803.0,803,1360,1,6,1.0,297.0,125500.0,1,0,0,0
1334,5,1970,1970,765.0,765,1365,1,7,2.0,440.0,125000.0,1,0,0,1
1335,6,1977,1977,1350.0,1334,1334,2,6,2.0,630.0,167900.0,1,0,0,1
1336,5,1973,1973,1656.0,1656,1656,2,8,2.0,506.0,135000.0,1,0,0,1
1337,4,1941,1950,693.0,693,693,1,4,0.0,0.0,52500.0,1,0,0,0
1338,7,2002,2002,916.0,920,1861,2,8,2.0,492.0,200000.0,0,0,0,0
1339,5,1972,1972,864.0,864,864,1,5,1.0,288.0,128500.0,1,0,0,1
1340,4,1971,1971,858.0,872,872,1,5,4.0,480.0,123000.0,1,0,0,1
1341,6,2003,2004,1114.0,1114,1114,1,6,2.0,576.0,155000.0,1,0,0,0
1342,8,2002,2002,1284.0,1284,2169,2,7,2.0,647.0,228500.0,0,0,0,0
1343,6,1928,1950,896.0,1172,1913,1,9,2.0,342.0,177000.0,1,0,0,1
1344,7,2006,2006,728.0,728,1456,2,8,2.0,440.0,155835.0,0,0,0,0
1345,4,1920,1950,960.0,960,960,1,5,1.0,308.0,108500.0,1,0,0,0
1346,7,1968,2003,1568.0,2156,2156,2,9,2.0,508.0,262500.0,1,0,0,1
1347,8,2006,2007,1732.0,1776,1776,2,7,3.0,712.0,283463.0,0,1,0,0
1348,7,1998,1998,1482.0,1494,1494,2,5,2.0,514.0,215000.0,0,0,0,0
1349,8,1872,1987,684.0,938,2358,2,8,0.0,0.0,122000.0,1,0,0,1
1350,5,1969,1969,1248.0,1338,2634,2,12,4.0,968.0,200000.0,1,0,0,1
1351,6,1962,1962,858.0,858,1716,1,8,2.0,490.0,171000.0,1,0,0,1
1352,6,1937,2000,698.0,786,1176,1,4,2.0,624.0,134900.0,0,0,0,1
1353,8,1995,1996,2033.0,2053,3238,2,9,3.0,666.0,410000.0,0,0,0,0
1354,7,2000,2000,992.0,992,1865,2,7,3.0,839.0,235000.0,0,0,0,0
1355,7,1968,1992,570.0,1222,1920,3,8,2.0,487.0,170000.0,1,0,0,0
1356,5,1966,1966,864.0,892,892,1,5,1.0,264.0,110000.0,1,0,0,1
1357,5,1971,2008,1078.0,1078,1078,1,6,2.0,500.0,149900.0,1,0,0,1
1358,6,2000,2000,756.0,769,1573,2,5,2.0,440.0,177500.0,0,0,0,0
1359,9,2004,2005,1980.0,1980,1980,2,8,3.0,770.0,315000.0,0,1,1,0
1360,5,1921,1998,612.0,990,2601,3,8,2.0,621.0,189000.0,1,0,0,1
1361,7,2005,2005,1530.0,1530,1530,2,7,2.0,430.0,260000.0,0,1,0,0
1362,4,1920,2007,715.0,1281,1738,2,7,1.0,368.0,104900.0,1,0,0,1
1363,6,2006,2007,616.0,616,1412,2,6,2.0,432.0,156932.0,1,0,0,0
1364,7,2005,2005,600.0,520,1200,2,4,2.0,480.0,144152.0,0,0,0,0
1365,7,2000,2000,814.0,814,1674,2,7,2.0,663.0,216000.0,0,0,0,0
1366,7,1999,1999,873.0,882,1790,2,7,2.0,588.0,193000.0,0,0,0,0
1367,5,1977,1977,757.0,925,1475,2,6,1.0,336.0,127000.0,1,0,0,1
1368,6,2003,2004,848.0,848,848,1,4,2.0,420.0,144000.0,0,0,0,0
1369,8,2003,2003,1657.0,1668,1668,2,8,2.0,502.0,232000.0,0,0,0,0
1370,4,1920,1950,840.0,840,1374,1,6,1.0,338.0,105000.0,0,0,0,1
1371,6,1955,1996,992.0,1661,1661,1,8,1.0,377.0,165500.0,1,0,0,0
1372,7,1998,1998,1108.0,1108,2097,2,8,2.0,583.0,274300.0,1,0,0,0
1373,10,2001,2002,2633.0,2633,2633,2,8,3.0,804.0,466500.0,0,1,1,0
1374,7,2005,2005,1026.0,1026,1958,2,9,3.0,936.0,250000.0,0,0,0,0
1375,8,2007,2007,1571.0,1571,1571,2,7,3.0,722.0,239000.0,0,0,0,0
1376,6,1930,1950,768.0,790,790,1,4,1.0,160.0,91000.0,1,0,0,1
1377,5,1941,1960,984.0,984,1604,2,6,2.0,660.0,117000.0,1,0,0,1
1378,6,1973,1973,483.0,483,987,1,5,1.0,264.0,83000.0,1,0,0,1
1379,5,2006,2007,384.0,754,1394,2,7,2.0,400.0,167500.0,1,0,0,0
1380,3,1914,1950,864.0,864,864,1,5,1.0,200.0,58500.0,1,0,0,1
1381,6,1970,1970,1205.0,2117,2117,2,7,2.0,550.0,237500.0,1,0,0,1
1382,7,1920,1950,596.0,998,1762,1,8,2.0,576.0,157000.0,1,0,0,0
1383,5,1918,2007,816.0,1416,1416,2,7,2.0,576.0,112000.0,1,0,0,0
1384,6,1939,1950,560.0,698,1258,1,6,1.0,280.0,105000.0,1,0,0,1
1385,4,1922,2007,796.0,796,1154,1,7,1.0,240.0,125500.0,1,0,0,0
1386,7,1978,1978,1392.0,1392,2784,3,12,2.0,564.0,250000.0,1,0,0,0
1387,6,1916,1950,714.0,1664,2526,2,10,1.0,216.0,136000.0,1,0,0,0
1388,9,2006,2007,1746.0,1746,1746,2,7,3.0,758.0,377500.0,0,1,1,0
1389,6,1941,1950,735.0,869,1218,1,6,2.0,440.0,131000.0,1,0,0,1
1390,7,2000,2000,1525.0,1525,1525,2,6,2.0,541.0,235000.0,0,0,0,0
1391,5,1967,1967,1584.0,1584,1584,2,8,3.0,792.0,124000.0,1,0,0,1
1392,5,1967,1967,864.0,900,900,1,6,1.0,288.0,123000.0,1,0,0,1
1393,6,1905,2000,482.0,1221,1912,2,7,2.0,672.0,163000.0,1,0,0,1
1394,7,2006,2006,1356.0,1500,1500,2,6,3.0,648.0,246578.0,0,0,0,0
1395,8,2005,2006,1094.0,1133,2482,2,9,3.0,642.0,281213.0,0,0,0,0
1396,5,1948,1950,747.0,1687,1687,1,7,2.0,572.0,160000.0,1,0,0,1
1397,5,1920,2004,939.0,939,1513,1,8,1.0,180.0,137500.0,1,0,0,1
1398,5,1950,1982,1208.0,1136,1904,1,7,1.0,240.0,138000.0,1,0,0,1
1399,6,1925,1990,976.0,1160,1608,2,7,1.0,216.0,137450.0,1,0,0,0
1400,6,1929,1950,862.0,950,1158,1,5,1.0,208.0,120000.0,1,0,0,1
1401,6,2004,2004,839.0,864,1593,2,8,2.0,398.0,193000.0,1,0,0,1
1402,7,2006,2006,1286.0,1294,1294,2,6,2.0,662.0,193879.0,0,0,0,0
1403,8,2007,2007,1485.0,1464,1464,2,6,3.0,754.0,282922.0,0,0,0,0
1404,3,1915,1950,672.0,694,1214,1,6,3.0,936.0,105000.0,1,0,0,1
1405,8,2004,2005,1594.0,1646,1646,2,5,2.0,482.0,275000.0,0,1,0,0
1406,5,1972,2007,768.0,768,768,1,5,2.0,396.0,133000.0,1,0,0,1
1407,5,1985,1985,833.0,833,833,1,5,0.0,0.0,112000.0,1,0,0,1
1408,4,1910,1950,622.0,741,1363,1,6,2.0,528.0,125500.0,1,0,0,1
1409,7,1986,1991,791.0,1236,2093,2,7,2.0,542.0,215000.0,1,0,0,1
1410,7,2001,2001,944.0,944,1840,2,6,2.0,622.0,230000.0,0,0,0,0
1411,6,1950,2005,856.0,1112,1668,1,6,1.0,271.0,140000.0,1,0,0,1
1412,4,1949,1950,0.0,1040,1040,2,6,2.0,420.0,90000.0,1,0,0,1
1413,8,2005,2006,1844.0,1844,1844,2,7,2.0,620.0,257000.0,0,0,0,0
1414,6,1923,2000,833.0,1053,1848,1,8,2.0,370.0,207000.0,1,0,0,0
1415,7,2007,2007,1386.0,1569,1569,2,7,3.0,660.0,175900.0,0,0,0,0
1416,4,1885,1950,777.0,1246,2290,2,11,2.0,560.0,122500.0,1,0,0,1
1417,8,1998,1998,1284.0,1310,2450,2,7,3.0,1069.0,340000.0,0,0,0,0
1418,5,1963,1963,1144.0,1144,1144,1,6,1.0,336.0,124000.0,1,0,0,1
1419,6,1969,1969,1844.0,1844,1844,2,7,2.0,540.0,223000.0,0,0,0,0
1420,6,1968,1968,708.0,708,1416,2,7,2.0,776.0,179900.0,1,0,0,1
1421,6,1977,1977,1069.0,1069,1069,2,4,2.0,440.0,127500.0,1,0,0,1
1422,6,2003,2003,848.0,848,848,1,3,2.0,420.0,136500.0,0,0,0,0
1423,6,1966,1966,697.0,1575,2201,2,8,2.0,432.0,274970.0,0,0,0,0
1424,5,1958,1983,1024.0,1344,1344,1,6,1.0,484.0,144000.0,1,0,0,1
1425,6,1959,1959,1252.0,1252,1252,1,7,2.0,528.0,142000.0,0,0,0,0
1426,7,1994,1994,1223.0,1223,2127,2,5,2.0,525.0,271000.0,0,0,0,0
1427,5,1945,1950,913.0,1048,1558,1,6,1.0,288.0,140000.0,1,0,0,1
1428,5,1940,1992,788.0,804,804,1,4,1.0,240.0,119000.0,1,0,0,0
1429,6,1981,1981,1440.0,1440,1440,2,7,2.0,467.0,182900.0,0,0,0,0
1430,5,2005,2005,732.0,734,1838,2,7,2.0,372.0,192140.0,0,0,0,1
1431,6,1976,1976,958.0,958,958,2,5,2.0,440.0,143750.0,1,0,0,1
1432,4,1927,2007,656.0,968,968,2,5,1.0,216.0,64500.0,1,0,0,1
1433,6,2000,2000,936.0,962,1792,2,8,2.0,451.0,186500.0,1,0,0,1
1434,5,1977,1977,1126.0,1126,1126,2,5,2.0,484.0,160000.0,1,0,0,1
1435,6,1962,2005,1319.0,1537,1537,1,7,2.0,462.0,174000.0,0,0,0,0
1436,4,1971,1971,864.0,864,864,1,5,2.0,528.0,120500.0,1,0,0,1
1437,8,2008,2008,1932.0,1932,1932,2,7,3.0,774.0,394617.0,0,1,1,0
1438,6,1957,1996,912.0,1236,1236,1,6,2.0,923.0,149700.0,1,0,0,1
1439,7,1979,1979,539.0,1040,1725,2,6,2.0,550.0,197000.0,1,0,0,1
1440,6,1922,1994,588.0,1423,2555,2,11,2.0,672.0,191000.0,1,1,0,1
1441,6,2004,2004,848.0,848,848,1,3,2.0,420.0,149300.0,0,0,0,0
1442,10,2008,2008,1017.0,1026,2007,2,10,3.0,812.0,310000.0,0,1,1,0
1443,6,1916,1950,952.0,952,952,1,4,1.0,192.0,121000.0,1,0,0,0
1444,7,2004,2004,1422.0,1422,1422,2,7,2.0,626.0,179600.0,0,0,0,0
1445,6,1966,1966,814.0,913,913,1,6,1.0,240.0,129000.0,1,0,0,1
1446,5,1962,1962,1188.0,1188,1188,1,6,1.0,312.0,157900.0,1,0,0,1
1447,8,1995,1996,1220.0,1220,2090,2,8,2.0,556.0,240000.0,0,0,0,0
1448,4,1910,2000,560.0,796,1346,1,6,1.0,384.0,112000.0,1,0,0,1
1449,5,1970,1970,630.0,630,630,1,3,0.0,0.0,92000.0,1,0,1,0
1450,5,1974,1974,896.0,896,1792,2,8,0.0,0.0,136000.0,1,0,0,1
1451,8,2008,2009,1573.0,1578,1578,2,7,3.0,840.0,287090.0,0,0,1,0
1452,5,2005,2005,547.0,1072,1072,1,5,2.0,525.0,145000.0,1,0,0,1
1453,5,2006,2006,1140.0,1140,1140,1,6,0.0,0.0,84500.0,1,0,0,1
1454,7,2004,2005,1221.0,1221,1221,2,6,2.0,400.0,185000.0,0,0,0,0
1455,6,1999,2000,953.0,953,1647,2,7,2.0,460.0,175000.0,1,0,0,1
1456,6,1978,1988,1542.0,2073,2073,2,7,2.0,500.0,210000.0,1,0,0,1
1457,7,1941,2006,1152.0,1188,2340,2,9,1.0,252.0,266500.0,0,0,0,0
1458,5,1950,1996,1078.0,1078,1078,1,5,1.0,240.0,142125.0,1,0,0,0
1459,5,1965,1965,1256.0,1256,1256,1,6,1.0,276.0,147500.0,0,0,0,1
