SalePrice,Neighborhood_NridgHt,LandContour_HLS,Neighborhood_NoRidge,MSZoning_FV,Neighborhood_Timber,Neighborhood_CollgCr,Neighborhood_StoneBr,MasVnrArea,GarageArea,OverallQual,KitchenQual,ExterQual,WoodDeckSF,Exterior1st_CemntBd,LotConfig_FR2,GrLivArea,FullBath,LotShape,FireplaceQu,LotConfig_CulDSac
208500.0,0,0,0,0,0,1,0,196.0,548.0,7,4.0,4.0,0,0,0,1710,2,1.0,0.0,0
181500.0,0,0,0,0,0,0,0,0.0,460.0,6,3.0,3.0,298,0,1,1262,2,1.0,3.0,0
223500.0,0,0,0,0,0,1,0,162.0,608.0,7,4.0,4.0,0,0,0,1786,2,2.0,3.0,0
140000.0,0,0,0,0,0,0,0,0.0,642.0,7,4.0,3.0,0,0,0,1717,1,2.0,4.0,0
250000.0,0,0,1,0,0,0,0,350.0,836.0,8,4.0,4.0,192,0,1,2198,2,2.0,3.0,0
143000.0,0,0,0,0,0,0,0,0.0,480.0,5,3.0,3.0,40,0,0,1362,1,2.0,0.0,0
307000.0,0,0,0,0,0,0,0,186.0,636.0,8,4.0,4.0,255,0,0,1694,2,1.0,4.0,0
200000.0,0,0,0,0,0,0,0,240.0,484.0,7,3.0,3.0,235,0,0,2090,2,2.0,3.0,0
129900.0,0,0,0,0,0,0,0,0.0,468.0,7,3.0,3.0,90,0,0,1774,2,1.0,3.0,0
118000.0,0,0,0,0,0,0,0,0.0,205.0,5,3.0,3.0,0,0,0,1077,1,1.0,3.0,0
129500.0,0,0,0,0,0,0,0,0.0,384.0,5,3.0,3.0,0,0,0,1040,1,1.0,0.0,0
345000.0,1,0,0,0,0,0,0,286.0,736.0,9,5.0,5.0,147,0,0,2324,3,2.0,4.0,0
144000.0,0,0,0,0,0,0,0,0.0,352.0,5,3.0,3.0,140,0,0,912,1,3.0,0.0,0
279500.0,0,0,0,0,0,1,0,306.0,840.0,7,4.0,4.0,160,0,0,1494,2,2.0,4.0,0
157000.0,0,0,0,0,0,0,0,212.0,352.0,6,3.0,3.0,0,0,0,1253,1,2.0,2.0,0
132000.0,0,0,0,0,0,0,0,0.0,576.0,7,3.0,3.0,48,0,0,854,1,1.0,0.0,0
149000.0,0,0,0,0,0,0,0,180.0,480.0,6,3.0,3.0,0,0,0,1004,1,2.0,3.0,1
90000.0,0,0,0,0,0,0,0,0.0,516.0,4,3.0,3.0,0,0,0,1296,2,1.0,0.0,0
159000.0,0,0,0,0,0,0,0,0.0,576.0,5,4.0,3.0,0,0,0,1114,1,1.0,0.0,0
139000.0,0,0,0,0,0,0,0,0.0,294.0,5,3.0,3.0,0,0,0,1339,1,1.0,0.0,0
325300.0,1,0,0,0,0,0,0,380.0,853.0,8,4.0,4.0,240,0,0,2376,3,2.0,4.0,0
139400.0,0,0,0,0,0,0,0,0.0,280.0,7,4.0,3.0,0,0,0,1108,1,1.0,4.0,0
230000.0,0,0,0,0,0,1,0,281.0,534.0,8,4.0,4.0,171,0,0,1795,2,1.0,4.0,0
129900.0,0,0,0,0,0,0,0,0.0,572.0,5,3.0,3.0,100,1,0,1060,1,1.0,3.0,0
154000.0,0,0,0,0,0,0,0,0.0,270.0,5,4.0,3.0,406,0,0,1060,1,2.0,3.0,0
256300.0,1,0,0,0,0,0,0,640.0,890.0,8,4.0,4.0,0,0,0,1600,2,1.0,4.0,0
134800.0,0,0,0,0,0,0,0,0.0,576.0,5,4.0,3.0,222,0,0,900,1,1.0,0.0,0
306000.0,1,0,0,0,0,0,0,200.0,772.0,8,4.0,4.0,0,0,0,1704,2,1.0,4.0,0
207500.0,0,0,0,0,0,0,0,0.0,319.0,5,3.0,3.0,288,0,0,1600,1,2.0,4.0,1
68500.0,0,0,0,0,0,0,0,0.0,240.0,4,2.0,3.0,49,0,0,520,1,2.0,0.0,0
40000.0,0,0,0,0,0,0,0,0.0,250.0,4,3.0,3.0,0,0,0,1317,1,1.0,0.0,0
149350.0,0,0,0,0,0,0,0,0.0,271.0,5,4.0,3.0,0,0,0,1228,1,2.0,0.0,1
179900.0,0,0,0,0,0,1,0,0.0,484.0,8,4.0,4.0,0,0,0,1234,2,1.0,0.0,0
165500.0,0,0,0,0,0,0,0,0.0,447.0,5,4.0,3.0,0,0,0,1700,1,2.0,4.0,0
277500.0,1,0,0,0,0,0,0,246.0,556.0,9,5.0,5.0,203,0,0,1561,2,1.0,4.0,0
309000.0,1,0,0,0,0,0,0,132.0,691.0,8,4.0,4.0,113,0,0,2452,3,1.0,4.0,0
145000.0,0,0,0,0,0,1,0,0.0,672.0,5,3.0,3.0,392,0,0,1097,1,1.0,0.0,0
153000.0,0,0,0,0,0,0,0,650.0,498.0,5,3.0,3.0,0,0,0,1297,1,1.0,3.0,0
109000.0,0,0,0,0,0,0,0,0.0,246.0,5,4.0,3.0,0,0,0,1057,1,1.0,0.0,0
82000.0,0,0,0,0,0,0,0,0.0,0.0,4,2.0,3.0,0,0,0,1152,2,1.0,0.0,0
160000.0,0,0,0,0,0,0,0,101.0,440.0,6,3.0,3.0,0,0,0,1324,2,1.0,3.0,0
170000.0,0,0,0,0,1,0,0,0.0,308.0,5,3.0,3.0,0,0,0,1328,1,1.0,4.0,0
144000.0,0,0,0,0,0,0,0,0.0,504.0,5,4.0,3.0,240,0,0,884,1,2.0,0.0,1
130250.0,0,0,0,0,0,1,0,0.0,308.0,5,3.0,3.0,145,0,0,938,1,2.0,0.0,1
141000.0,0,0,0,0,0,0,0,0.0,300.0,5,3.0,3.0,0,0,0,1150,1,1.0,0.0,0
319900.0,1,0,0,0,0,0,0,412.0,576.0,9,5.0,5.0,196,0,0,1752,2,1.0,4.0,0
239686.0,0,0,0,0,0,0,0,0.0,670.0,7,4.0,4.0,168,0,0,2149,1,2.0,5.0,1
249700.0,0,0,0,1,0,0,0,0.0,826.0,8,4.0,4.0,0,0,0,1656,2,1.0,0.0,0
113000.0,0,0,0,0,0,0,0,0.0,0.0,4,3.0,3.0,0,0,0,1452,2,1.0,0.0,0
127000.0,0,0,0,0,0,0,0,0.0,386.0,5,3.0,3.0,0,0,0,955,1,1.0,0.0,0
177000.0,0,0,0,0,0,0,0,0.0,388.0,6,3.0,3.0,0,0,0,1470,2,3.0,0.0,0
114500.0,0,0,0,0,0,0,0,0.0,528.0,6,3.0,3.0,112,0,0,1176,1,1.0,4.0,0
110000.0,0,0,0,0,0,0,0,0.0,516.0,5,3.0,2.0,106,0,0,816,1,3.0,0.0,0
385000.0,0,0,0,0,0,0,0,0.0,894.0,9,4.0,4.0,857,0,0,1842,0,2.0,4.0,0
130000.0,0,0,0,0,0,0,0,0.0,572.0,5,3.0,3.0,0,0,0,1360,1,1.0,3.0,0
180500.0,0,0,0,0,0,0,0,272.0,576.0,6,3.0,3.0,0,0,0,1425,2,2.0,4.0,0
172500.0,0,0,0,1,0,0,0,456.0,480.0,8,4.0,4.0,115,0,0,1739,2,1.0,0.0,0
196500.0,0,0,0,0,0,1,0,0.0,565.0,7,4.0,4.0,0,0,0,1720,2,2.0,0.0,0
438780.0,0,1,0,0,0,0,1,1031.0,641.0,10,4.0,5.0,192,0,0,2945,3,3.0,4.0,1
124900.0,0,0,0,0,0,1,0,0.0,352.0,5,3.0,3.0,196,0,0,780,1,1.0,0.0,0
158000.0,0,0,0,0,0,0,0,0.0,576.0,6,4.0,3.0,0,0,0,1158,1,1.0,0.0,0
101000.0,0,0,0,0,0,0,0,0.0,288.0,5,2.0,3.0,0,0,0,1111,1,1.0,0.0,0
202500.0,1,0,0,0,0,0,0,178.0,484.0,8,4.0,4.0,120,0,0,1370,2,2.0,4.0,0
140000.0,0,0,0,0,0,0,0,0.0,480.0,7,3.0,3.0,12,0,0,1710,2,2.0,0.0,0
219500.0,0,0,0,0,0,1,0,573.0,645.0,7,4.0,3.0,576,0,0,2034,2,1.0,0.0,0
317000.0,1,0,0,0,0,0,0,344.0,852.0,8,4.0,4.0,192,0,0,2473,2,1.0,4.0,0
180000.0,0,0,0,0,0,0,0,287.0,576.0,7,3.0,3.0,301,0,0,2207,2,1.0,4.0,0
226000.0,0,0,0,0,0,1,0,167.0,558.0,7,4.0,4.0,144,0,0,1479,2,2.0,0.0,0
80000.0,0,0,0,0,0,0,0,0.0,220.0,4,3.0,3.0,0,0,0,747,1,1.0,0.0,0
225000.0,0,0,0,0,0,0,0,0.0,667.0,7,3.0,4.0,0,0,0,2287,2,1.0,3.0,0
244000.0,0,0,0,0,0,0,0,1115.0,516.0,7,3.0,3.0,300,0,0,2223,2,2.0,4.0,0
129500.0,0,0,0,0,0,0,0,0.0,360.0,4,3.0,3.0,0,0,0,845,1,1.0,0.0,0
185000.0,0,0,0,0,0,0,0,40.0,427.0,7,3.0,3.0,0,0,0,1718,2,2.0,3.0,0
144900.0,0,0,0,0,0,0,0,104.0,490.0,5,3.0,3.0,0,0,0,1086,1,1.0,0.0,0
107400.0,0,0,0,0,0,0,0,0.0,379.0,3,3.0,4.0,0,0,0,1605,2,1.0,0.0,0
91000.0,0,0,0,0,0,0,0,0.0,297.0,4,3.0,3.0,120,1,0,988,1,1.0,0.0,0
135750.0,0,0,0,0,0,0,0,0.0,283.0,4,3.0,3.0,0,0,0,952,1,2.0,0.0,0
127000.0,0,0,0,0,0,0,0,0.0,240.0,5,3.0,3.0,0,0,0,1285,1,1.0,0.0,0
136500.0,0,0,0,0,0,0,0,0.0,0.0,4,3.0,3.0,0,0,0,1768,2,1.0,0.0,0
110000.0,0,0,0,0,0,0,0,0.0,440.0,5,3.0,3.0,74,0,0,1230,1,1.0,0.0,0
193500.0,0,0,0,0,0,0,0,576.0,509.0,6,4.0,3.0,0,0,0,2142,2,1.0,4.0,0
153500.0,0,0,0,0,0,0,0,443.0,405.0,6,3.0,3.0,0,0,1,1337,2,1.0,0.0,0
245000.0,0,0,0,0,0,0,0,468.0,758.0,8,4.0,3.0,144,0,0,1563,2,1.0,4.0,0
126500.0,0,0,0,0,0,0,0,66.0,461.0,5,3.0,3.0,74,0,0,1065,1,2.0,0.0,0
168500.0,0,0,0,0,0,0,0,22.0,400.0,7,3.0,3.0,120,0,0,1474,2,2.0,3.0,0
260000.0,0,0,1,0,0,0,0,284.0,462.0,8,4.0,4.0,127,0,0,2417,2,1.0,3.0,0
174000.0,0,0,0,0,0,0,0,0.0,400.0,6,4.0,4.0,100,0,0,1560,2,3.0,4.0,0
164500.0,0,0,0,1,0,0,0,76.0,528.0,6,4.0,4.0,0,0,0,1224,2,1.0,0.0,0
85000.0,0,0,0,0,0,0,0,0.0,0.0,3,2.0,2.0,0,0,0,1526,1,2.0,0.0,0
123600.0,0,0,0,0,0,1,0,0.0,0.0,4,3.0,3.0,0,0,0,990,1,1.0,0.0,0
109900.0,0,0,0,0,0,0,0,0.0,420.0,4,3.0,3.0,0,0,0,1040,1,1.0,0.0,0
98600.0,0,0,0,0,0,0,0,203.0,480.0,5,3.0,3.0,0,0,0,1235,1,1.0,0.0,0
163500.0,0,1,0,0,0,0,0,0.0,432.0,5,3.0,3.0,0,0,0,964,1,2.0,0.0,0
133900.0,0,0,0,0,0,0,0,0.0,506.0,6,3.0,3.0,0,0,0,2291,2,1.0,4.0,0
204750.0,0,0,0,0,0,1,0,0.0,684.0,6,4.0,3.0,0,0,0,1786,2,2.0,0.0,0
185000.0,0,0,0,0,0,0,0,68.0,420.0,6,3.0,5.0,232,0,0,1470,2,3.0,3.0,0
214000.0,0,0,0,0,0,1,0,183.0,472.0,7,4.0,4.0,158,0,0,1588,2,2.0,0.0,0
94750.0,0,1,0,0,0,0,0,48.0,432.0,4,3.0,3.0,120,0,0,960,1,1.0,0.0,0
83000.0,0,0,0,0,0,0,0,0.0,366.0,5,3.0,3.0,0,0,0,835,1,1.0,0.0,0
128950.0,0,0,0,0,0,0,0,0.0,0.0,4,3.0,3.0,352,0,0,1225,1,2.0,0.0,0
205000.0,0,0,0,0,0,0,0,28.0,480.0,6,4.0,3.0,168,0,0,1610,2,2.0,3.0,0
178000.0,0,0,0,0,0,0,0,336.0,476.0,6,4.0,4.0,192,0,0,1732,2,1.0,3.0,0
118964.0,0,0,0,0,0,0,0,0.0,410.0,5,3.0,3.0,0,0,0,1535,2,1.0,0.0,0
198900.0,0,0,0,0,0,1,0,0.0,740.0,7,4.0,3.0,0,0,0,1226,2,2.0,0.0,0
169500.0,0,0,0,0,0,0,0,600.0,240.0,7,3.0,3.0,0,0,0,1818,1,1.0,3.0,0
250000.0,0,0,0,1,0,0,0,768.0,648.0,8,4.0,4.0,140,0,0,1992,2,1.0,4.0,0
100000.0,0,0,0,0,0,0,0,0.0,273.0,4,3.0,3.0,0,0,0,1047,1,1.0,0.0,0
115000.0,0,0,0,0,0,0,0,0.0,250.0,5,3.0,3.0,0,0,0,789,1,1.0,0.0,0
115000.0,0,0,0,0,0,0,0,0.0,0.0,5,2.0,3.0,0,1,0,1517,2,1.0,0.0,0
190000.0,0,0,0,0,0,0,0,480.0,546.0,6,3.0,3.0,0,0,0,1844,2,2.0,3.0,0
136900.0,0,0,0,0,0,0,0,0.0,325.0,6,3.0,3.0,182,0,0,1855,2,1.0,0.0,0
180000.0,0,0,0,0,0,0,0,0.0,400.0,7,3.0,3.0,180,0,0,1430,2,2.0,3.0,0
383970.0,0,0,0,0,0,1,0,220.0,792.0,7,5.0,4.0,120,0,0,2696,2,1.0,4.0,0
217000.0,0,0,0,0,0,0,0,184.0,450.0,6,4.0,3.0,166,0,0,2259,2,1.0,4.0,0
259500.0,0,0,0,0,0,0,0,0.0,180.0,6,4.0,3.0,224,0,0,2320,2,2.0,3.0,0
176000.0,0,0,0,1,0,0,0,1129.0,440.0,6,3.0,3.0,0,0,0,1458,2,1.0,2.0,0
139000.0,0,0,0,0,0,0,0,116.0,288.0,5,3.0,3.0,0,0,0,1092,1,1.0,1.0,0
155000.0,0,0,0,0,0,0,0,0.0,430.0,5,3.0,3.0,80,0,0,1125,1,1.0,0.0,0
320000.0,0,0,0,0,0,0,0,0.0,594.0,7,4.0,3.0,367,0,0,3222,3,1.0,3.0,0
163990.0,0,0,0,0,0,1,0,0.0,390.0,6,4.0,4.0,0,0,0,1456,2,1.0,4.0,0
180000.0,0,0,0,0,0,0,0,0.0,540.0,6,3.0,3.0,0,0,0,988,1,2.0,3.0,1
100000.0,0,0,0,0,0,0,0,0.0,264.0,4,3.0,3.0,0,0,0,1123,1,1.0,0.0,0
136000.0,0,0,0,0,0,0,0,135.0,288.0,6,3.0,3.0,0,0,0,1080,1,1.0,0.0,0
153900.0,0,0,0,0,0,0,0,0.0,530.0,6,4.0,4.0,0,0,0,1199,2,1.0,0.0,0
181000.0,0,0,0,0,0,0,0,0.0,435.0,6,3.0,3.0,192,0,0,1586,2,2.0,3.0,1
84500.0,0,0,0,0,0,0,0,0.0,0.0,6,3.0,3.0,53,0,0,754,1,1.0,0.0,0
128000.0,0,0,0,0,0,0,0,0.0,440.0,6,3.0,3.0,0,0,0,958,2,2.0,3.0,0
87000.0,0,0,0,0,0,0,0,0.0,0.0,5,3.0,3.0,0,0,0,840,1,2.0,3.0,0
155000.0,0,0,0,0,0,0,0,266.0,453.0,6,3.0,3.0,188,0,0,1348,1,1.0,2.0,0
150000.0,0,0,0,0,0,0,0,85.0,750.0,5,5.0,3.0,0,0,0,1053,1,1.0,0.0,0
226000.0,0,0,0,0,0,0,0,309.0,487.0,7,4.0,3.0,105,0,0,2157,2,1.0,4.0,0
244000.0,0,0,0,0,0,0,0,40.0,390.0,6,4.0,4.0,24,0,0,2054,2,2.0,3.0,0
150750.0,0,0,0,0,0,0,0,0.0,624.0,5,4.0,3.0,0,0,0,1327,1,1.0,0.0,0
220000.0,0,0,0,0,1,0,0,136.0,471.0,8,4.0,4.0,192,0,0,1296,2,2.0,0.0,0
180000.0,0,0,0,0,0,0,0,0.0,440.0,5,3.0,3.0,0,0,0,1721,2,2.0,3.0,0
174000.0,0,0,0,0,0,0,0,288.0,530.0,7,3.0,3.0,98,0,0,1682,2,1.0,4.0,0
143000.0,0,0,0,0,0,0,0,196.0,318.0,5,3.0,3.0,0,0,0,1214,2,2.0,2.0,0
171000.0,0,0,0,0,0,0,0,70.0,766.0,7,3.0,3.0,0,0,0,1959,3,1.0,0.0,0
230000.0,0,0,0,0,0,1,0,320.0,660.0,8,4.0,4.0,224,0,0,1852,2,2.0,3.0,0
231500.0,0,0,0,0,0,1,0,0.0,470.0,6,4.0,3.0,276,0,0,1764,2,2.0,0.0,0
115000.0,0,0,0,0,0,0,0,0.0,0.0,4,3.0,3.0,0,0,1,864,1,1.0,1.0,0
260000.0,0,0,0,0,0,1,0,0.0,660.0,7,4.0,4.0,160,0,0,1734,2,1.0,0.0,0
166000.0,0,0,0,0,0,0,0,0.0,720.0,5,3.0,3.0,0,0,0,1385,2,1.0,0.0,0
204000.0,0,0,0,0,0,1,0,183.0,577.0,7,4.0,4.0,144,0,0,1501,2,2.0,0.0,0
125000.0,0,0,0,0,0,0,0,336.0,504.0,5,3.0,3.0,0,0,0,1728,2,1.0,0.0,0
130000.0,0,0,0,0,0,0,0,50.0,380.0,6,4.0,4.0,0,0,0,1709,2,1.0,0.0,0
105000.0,0,0,0,0,0,0,0,0.0,180.0,5,3.0,3.0,48,0,0,875,1,1.0,0.0,0
222500.0,0,0,0,0,0,0,0,180.0,434.0,7,4.0,4.0,144,0,0,2035,2,2.0,4.0,1
141000.0,0,0,0,0,0,0,0,120.0,0.0,7,4.0,3.0,0,0,0,1080,1,1.0,0.0,0
115000.0,0,0,0,0,0,0,0,0.0,240.0,5,3.0,3.0,200,0,0,1344,1,1.0,0.0,0
122000.0,0,0,0,0,0,1,0,0.0,440.0,5,3.0,3.0,0,0,0,969,1,1.0,0.0,0
372402.0,1,0,0,0,0,0,0,436.0,866.0,8,4.0,4.0,0,0,0,1710,2,1.0,4.0,0
190000.0,0,0,0,0,0,0,0,252.0,495.0,6,3.0,3.0,0,0,0,1993,2,2.0,4.0,1
235000.0,0,0,0,0,0,0,0,0.0,564.0,6,3.0,3.0,409,0,0,1252,1,1.0,4.0,0
125000.0,0,0,0,0,0,0,0,0.0,312.0,6,3.0,3.0,0,0,0,1200,1,1.0,0.0,0
79000.0,0,0,0,0,0,0,0,0.0,0.0,6,3.0,3.0,0,0,0,1096,1,1.0,0.0,0
109500.0,0,0,0,0,0,0,0,0.0,625.0,5,3.0,3.0,0,0,0,1040,1,1.0,0.0,0
269500.0,0,0,0,0,1,0,0,84.0,680.0,8,5.0,4.0,0,0,0,1968,2,1.0,4.0,0
254900.0,0,0,0,1,0,0,0,0.0,678.0,7,4.0,4.0,0,0,0,1947,2,1.0,4.0,0
320000.0,0,1,0,0,0,0,0,456.0,576.0,7,4.0,4.0,239,0,0,2462,2,2.0,4.0,0
162500.0,0,0,0,0,0,0,0,0.0,516.0,6,3.0,3.0,0,0,0,1232,2,2.0,0.0,1
412500.0,1,0,0,0,0,0,0,664.0,726.0,9,5.0,4.0,400,0,0,2668,2,2.0,4.0,0
220000.0,1,0,0,0,0,0,0,226.0,532.0,7,4.0,4.0,0,0,0,1541,2,1.0,4.0,0
103200.0,0,0,0,0,0,0,0,0.0,0.0,4,3.0,3.0,0,0,0,882,1,1.0,0.0,0
152000.0,0,0,0,0,0,0,0,0.0,216.0,6,4.0,3.0,0,0,0,1616,2,1.0,0.0,0
127500.0,0,0,0,0,0,0,0,0.0,0.0,5,3.0,3.0,140,0,0,1355,2,1.0,0.0,0
190000.0,0,0,0,0,0,0,0,0.0,303.0,5,3.0,4.0,476,0,0,1867,1,2.0,4.0,0
325624.0,1,0,0,0,0,0,0,300.0,789.0,8,5.0,4.0,178,0,0,2161,1,1.0,4.0,0
183500.0,0,0,0,0,0,0,0,0.0,440.0,7,4.0,4.0,100,0,0,1720,2,2.0,4.0,0
228000.0,0,0,0,0,1,0,0,653.0,511.0,8,3.0,4.0,574,0,0,1707,2,2.0,3.0,0
128500.0,0,0,0,0,0,0,0,0.0,660.0,5,3.0,3.0,237,0,0,1382,1,2.0,0.0,0
215000.0,0,0,0,0,0,0,0,112.0,528.0,6,3.0,3.0,210,0,0,1656,1,2.0,4.0,0
239000.0,0,0,0,0,0,0,1,0.0,504.0,7,4.0,4.0,441,0,0,1767,2,2.0,3.0,0
163000.0,0,0,0,0,0,0,0,491.0,504.0,6,3.0,3.0,0,0,0,1362,1,2.0,3.0,0
184000.0,0,0,0,0,1,0,0,132.0,616.0,6,3.0,3.0,192,0,0,1651,2,2.0,3.0,0
243000.0,0,0,0,0,0,0,0,0.0,576.0,6,4.0,3.0,0,0,0,2158,2,1.0,4.0,0
211000.0,0,0,0,0,0,0,0,268.0,521.0,6,3.0,4.0,0,0,0,2060,2,2.0,3.0,0
172500.0,0,0,0,0,0,0,0,0.0,451.0,5,4.0,4.0,0,0,0,1920,2,1.0,4.0,0
501837.0,0,0,0,0,0,0,1,748.0,1166.0,9,5.0,5.0,0,0,0,2234,2,2.0,4.0,1
100000.0,0,0,0,0,0,0,0,0.0,480.0,5,3.0,4.0,0,0,0,968,1,1.0,0.0,0
177000.0,0,0,0,1,0,0,0,456.0,440.0,6,4.0,4.0,0,0,0,1525,2,1.0,3.0,0
200100.0,0,0,0,0,0,0,0,0.0,216.0,7,3.0,3.0,0,0,0,1802,1,1.0,4.0,0
120000.0,0,0,0,0,0,0,0,98.0,252.0,5,3.0,3.0,116,0,0,1340,1,1.0,4.0,0
200000.0,0,0,0,0,0,0,0,0.0,484.0,7,4.0,3.0,280,0,0,2082,2,1.0,0.0,0
127000.0,0,0,0,0,0,0,0,0.0,576.0,5,3.0,3.0,104,0,0,1252,1,2.0,0.0,0
475000.0,0,0,0,0,0,0,0,0.0,840.0,10,5.0,4.0,0,0,0,3608,2,3.0,3.0,0
173000.0,0,0,0,0,0,0,0,0.0,497.0,7,4.0,3.0,168,0,0,1217,2,2.0,0.0,1
135000.0,0,0,0,0,0,0,0,0.0,180.0,5,3.0,3.0,0,0,0,1656,2,1.0,0.0,0
153337.0,0,0,0,0,0,0,0,275.0,528.0,5,3.0,3.0,120,0,0,1224,0,1.0,3.0,0
286000.0,0,0,0,0,0,0,1,0.0,682.0,8,5.0,4.0,0,1,0,1593,1,1.0,4.0,0
315000.0,0,0,0,0,0,0,0,0.0,440.0,8,4.0,4.0,0,0,0,2727,2,1.0,3.0,0
184000.0,0,0,0,0,0,0,0,138.0,484.0,7,4.0,3.0,0,0,0,1479,1,2.0,0.0,1
192000.0,0,0,0,0,0,1,0,0.0,666.0,7,4.0,4.0,0,0,0,1431,2,2.0,0.0,0
130000.0,0,0,0,0,0,0,0,50.0,380.0,7,4.0,4.0,0,0,0,1709,2,1.0,0.0,0
127000.0,0,0,0,0,0,1,0,0.0,352.0,5,3.0,3.0,0,0,0,864,1,2.0,0.0,0
148500.0,0,0,0,0,0,0,0,0.0,440.0,6,3.0,3.0,87,0,1,1456,2,1.0,3.0,0
311872.0,0,0,0,0,0,0,0,205.0,786.0,7,5.0,5.0,171,1,0,1726,2,1.0,4.0,0
235000.0,0,0,0,0,0,0,0,0.0,795.0,8,4.0,4.0,0,0,0,3112,2,1.0,5.0,0
104000.0,0,0,0,0,0,0,0,0.0,0.0,6,3.0,3.0,0,0,0,2229,1,1.0,0.0,0
274900.0,1,0,0,0,0,0,0,262.0,856.0,8,5.0,4.0,0,0,0,1713,2,1.0,4.0,0
140000.0,0,0,0,0,0,0,0,0.0,440.0,4,3.0,3.0,132,0,0,1121,2,1.0,0.0,0
171500.0,0,0,0,0,0,0,0,0.0,473.0,6,3.0,3.0,238,0,0,1279,2,1.0,2.0,0
112000.0,0,0,0,0,0,0,0,0.0,398.0,6,3.0,3.0,0,0,0,1310,2,1.0,0.0,0
149000.0,0,0,0,0,0,1,0,205.0,420.0,6,4.0,4.0,149,0,0,848,1,1.0,4.0,0
110000.0,0,0,0,0,0,0,0,0.0,240.0,5,3.0,3.0,0,0,0,1284,1,1.0,0.0,0
180500.0,0,0,0,0,0,0,0,0.0,500.0,7,3.0,3.0,0,0,0,1442,2,1.0,0.0,0
143900.0,0,0,0,0,0,0,0,0.0,349.0,5,3.0,3.0,0,0,0,1696,1,2.0,3.0,1
141000.0,0,0,0,0,0,0,0,0.0,312.0,4,3.0,3.0,355,0,0,1100,1,2.0,1.0,0
277000.0,0,0,0,0,0,0,0,128.0,454.0,7,3.0,4.0,60,0,0,2062,2,2.0,4.0,0
145000.0,0,0,0,0,0,0,0,260.0,504.0,6,3.0,3.0,0,0,0,1092,1,1.0,0.0,0
98000.0,0,0,0,0,0,0,0,0.0,0.0,5,3.0,3.0,0,0,0,864,1,1.0,0.0,0
186000.0,0,0,0,0,0,0,0,0.0,460.0,6,4.0,3.0,100,0,0,1212,2,1.0,0.0,0
252678.0,0,0,0,1,0,0,0,0.0,644.0,7,4.0,3.0,168,0,0,1852,2,1.0,3.0,0
156000.0,0,0,0,0,0,1,0,0.0,576.0,5,3.0,3.0,224,0,0,990,1,3.0,0.0,1
161750.0,0,0,0,0,0,1,0,153.0,299.0,6,3.0,3.0,0,0,1,1392,1,2.0,0.0,0
134450.0,0,0,0,0,0,0,0,64.0,447.0,5,4.0,3.0,0,0,0,1236,1,2.0,2.0,0
210000.0,0,0,0,0,0,1,0,266.0,484.0,7,4.0,4.0,139,0,0,1436,2,1.0,0.0,0
107000.0,0,0,0,0,0,0,0,0.0,210.0,4,3.0,3.0,0,0,0,1328,1,1.0,0.0,0
311500.0,0,0,0,0,0,0,0,312.0,431.0,7,4.0,4.0,0,0,0,1954,1,2.0,3.0,0
167240.0,0,0,0,0,0,0,0,16.0,438.0,7,4.0,4.0,108,0,0,1248,2,1.0,0.0,0
204900.0,0,0,0,0,0,1,0,0.0,675.0,7,4.0,4.0,351,0,0,1498,2,2.0,0.0,0
200000.0,0,0,0,0,0,0,0,0.0,390.0,6,4.0,4.0,120,0,0,2267,2,2.0,3.0,0
179900.0,0,0,0,0,0,0,0,0.0,434.0,6,3.0,3.0,209,0,0,1552,2,1.0,3.0,0
97000.0,0,0,0,0,0,0,0,0.0,576.0,4,3.0,3.0,216,0,1,864,1,1.0,0.0,0
386250.0,1,0,0,0,0,0,0,922.0,968.0,10,5.0,5.0,248,0,0,2392,2,1.0,5.0,0
112000.0,0,0,0,0,0,0,0,142.0,280.0,5,3.0,3.0,0,0,0,1302,2,1.0,0.0,0
290000.0,0,0,1,0,0,0,0,290.0,721.0,7,4.0,4.0,224,0,0,2520,2,2.0,3.0,0
106000.0,0,0,0,0,0,0,0,127.0,280.0,6,3.0,3.0,0,0,0,987,1,1.0,0.0,0
125000.0,0,0,0,0,0,0,0,0.0,336.0,5,3.0,3.0,0,0,1,912,1,1.0,2.0,0
192500.0,0,0,0,0,0,0,0,16.0,430.0,7,4.0,4.0,143,0,0,1555,2,1.0,3.0,0
148000.0,0,0,0,0,0,0,0,220.0,312.0,6,3.0,3.0,0,0,0,1194,1,1.0,0.0,0
403000.0,0,0,1,0,0,0,0,506.0,810.0,8,5.0,4.0,0,0,0,2794,2,2.0,3.0,0
94500.0,0,0,0,0,0,0,0,297.0,288.0,6,3.0,3.0,0,0,0,987,1,1.0,1.0,0
128200.0,0,0,0,0,0,1,0,0.0,308.0,5,3.0,3.0,365,0,0,894,1,1.0,0.0,0
216500.0,0,0,0,0,0,0,0,0.0,440.0,6,4.0,4.0,288,0,0,1960,2,1.0,3.0,0
89500.0,0,0,0,0,0,0,0,604.0,264.0,6,3.0,3.0,0,0,0,987,1,1.0,0.0,0
185500.0,0,0,0,0,0,1,0,98.0,494.0,7,4.0,4.0,132,0,1,1414,2,1.0,0.0,0
194500.0,0,0,0,0,0,0,0,0.0,457.0,7,4.0,4.0,370,0,0,1744,2,2.0,0.0,1
318000.0,1,0,0,0,0,0,0,254.0,818.0,8,4.0,5.0,168,0,0,1694,2,1.0,0.0,0
113000.0,0,0,0,0,0,0,0,0.0,220.0,6,3.0,3.0,0,0,0,1487,1,1.0,4.0,0
262500.0,0,0,0,1,0,0,0,36.0,750.0,8,4.0,4.0,144,0,0,1566,2,1.0,0.0,0
110500.0,0,0,0,0,0,0,0,0.0,0.0,5,4.0,3.0,58,0,0,866,1,1.0,0.0,0
79000.0,0,0,0,0,0,0,0,0.0,352.0,5,3.0,3.0,0,0,0,1440,1,1.0,0.0,0
120000.0,0,0,0,0,0,0,0,0.0,288.0,6,3.0,3.0,0,0,0,1217,1,1.0,3.0,0
205000.0,0,0,0,0,0,0,0,0.0,463.0,7,4.0,4.0,0,0,0,2110,2,2.0,2.0,0
241500.0,0,0,0,0,0,0,0,102.0,604.0,7,3.0,3.0,197,0,0,1872,2,1.0,3.0,0
137000.0,0,0,0,0,0,0,0,0.0,440.0,6,2.0,3.0,0,0,0,1928,2,1.0,0.0,0
140000.0,0,0,0,0,0,0,0,0.0,451.0,6,3.0,3.0,0,0,0,1375,1,1.0,3.0,0
180000.0,0,0,0,0,0,1,0,101.0,500.0,7,4.0,4.0,144,0,0,1668,2,1.0,0.0,0
277000.0,0,0,0,0,0,0,0,472.0,389.0,6,4.0,4.0,0,0,0,2144,2,3.0,3.0,1
76500.0,0,0,0,0,0,0,0,0.0,0.0,3,2.0,3.0,263,0,0,1306,1,2.0,0.0,0
235000.0,0,1,0,0,0,0,0,481.0,538.0,8,4.0,4.0,123,0,0,1625,2,2.0,4.0,0
173000.0,0,0,0,0,0,0,0,0.0,520.0,6,4.0,4.0,138,0,0,1640,2,2.0,0.0,0
158000.0,0,0,0,0,0,0,0,108.0,309.0,6,4.0,3.0,333,0,0,1302,2,1.0,0.0,0
145000.0,0,0,0,0,0,0,0,0.0,294.0,5,3.0,3.0,250,0,0,1314,1,1.0,0.0,0
230000.0,0,0,0,0,0,0,0,302.0,429.0,7,4.0,4.0,192,0,0,2291,2,2.0,3.0,0
207500.0,0,0,0,1,0,0,0,0.0,673.0,6,4.0,4.0,216,0,0,1728,2,2.0,0.0,0
220000.0,0,0,0,0,0,1,0,180.0,660.0,7,4.0,4.0,123,0,0,1604,2,1.0,4.0,0
231500.0,0,0,0,0,0,1,0,172.0,564.0,7,4.0,4.0,0,0,0,1792,2,1.0,3.0,0
97000.0,0,0,0,0,0,0,0,0.0,308.0,5,3.0,3.0,0,0,0,882,1,1.0,0.0,0
176000.0,0,0,0,0,0,0,0,399.0,884.0,6,3.0,3.0,0,0,0,1382,1,1.0,3.0,0
276000.0,0,0,0,0,0,1,0,270.0,868.0,8,5.0,4.0,0,1,0,2574,2,2.0,4.0,0
151000.0,0,0,0,0,0,0,0,46.0,492.0,6,3.0,3.0,292,0,0,1212,1,2.0,3.0,0
130000.0,0,0,0,0,0,0,0,0.0,484.0,5,3.0,3.0,0,0,0,1316,1,1.0,0.0,0
73000.0,0,0,0,0,0,0,0,0.0,504.0,5,3.0,3.0,0,0,0,764,1,4.0,0.0,0
175500.0,0,0,0,0,0,0,0,210.0,576.0,6,4.0,3.0,276,0,0,1422,2,2.0,3.0,0
185000.0,0,1,0,0,0,0,0,0.0,413.0,6,3.0,3.0,95,0,1,1511,2,2.0,3.0,0
179500.0,0,0,0,0,0,0,0,0.0,240.0,5,4.0,3.0,262,0,0,2192,2,1.0,4.0,0
120500.0,0,0,0,0,0,0,0,0.0,924.0,5,3.0,3.0,0,0,0,778,1,1.0,4.0,0
148000.0,0,0,0,0,0,0,0,174.0,504.0,6,3.0,3.0,370,0,0,1113,1,2.0,2.0,0
266000.0,0,0,0,1,0,0,0,0.0,1053.0,8,4.0,4.0,192,0,0,1939,2,1.0,4.0,0
241500.0,0,0,0,0,0,0,0,0.0,439.0,7,3.0,3.0,81,0,0,1363,1,2.0,3.0,1
290000.0,0,0,1,0,0,0,0,348.0,671.0,8,4.0,4.0,132,0,0,2270,2,2.0,4.0,1
139000.0,0,0,0,0,0,0,0,183.0,338.0,6,3.0,3.0,289,0,0,1632,2,1.0,4.0,0
124500.0,0,0,0,0,0,0,0,0.0,264.0,5,3.0,3.0,168,0,0,816,1,1.0,0.0,0
205000.0,0,0,0,0,0,0,0,0.0,672.0,7,5.0,4.0,74,0,0,1548,2,1.0,0.0,0
201000.0,0,0,0,0,0,0,0,0.0,573.0,7,4.0,4.0,100,0,0,1560,2,2.0,0.0,0
141000.0,0,0,0,0,0,0,0,0.0,400.0,4,3.0,3.0,0,0,0,864,1,1.0,0.0,0
415298.0,1,0,0,0,0,0,0,315.0,732.0,9,5.0,5.0,124,1,0,2121,2,1.0,5.0,0
192000.0,0,0,0,0,0,0,0,299.0,505.0,7,3.0,3.0,288,0,0,2022,2,1.0,3.0,0
228500.0,0,0,0,0,0,0,0,340.0,575.0,7,4.0,4.0,0,0,0,1982,2,1.0,3.0,0
185000.0,0,0,0,1,0,0,0,68.0,572.0,6,4.0,4.0,0,0,0,1262,2,1.0,0.0,0
207500.0,1,0,0,0,0,0,0,166.0,626.0,7,4.0,4.0,172,0,0,1314,2,1.0,4.0,0
244600.0,0,0,0,0,0,0,0,72.0,898.0,8,4.0,4.0,210,0,0,1468,2,1.0,4.0,0
179200.0,0,0,0,0,0,0,0,0.0,529.0,6,4.0,4.0,0,0,0,1575,2,1.0,0.0,0
164700.0,0,0,0,1,0,0,0,0.0,528.0,7,4.0,4.0,0,0,0,1250,2,2.0,0.0,0
159000.0,0,0,0,0,0,0,0,0.0,440.0,6,4.0,3.0,0,0,0,1734,1,2.0,4.0,0
88000.0,0,0,0,0,0,0,0,0.0,0.0,4,3.0,3.0,0,0,0,858,1,2.0,0.0,0
122000.0,0,0,0,0,0,0,0,31.0,280.0,5,3.0,3.0,0,0,0,900,1,2.0,0.0,0
153575.0,0,0,0,0,0,0,0,0.0,384.0,6,3.0,3.0,0,0,0,1396,1,1.0,0.0,0
233230.0,0,0,0,0,0,1,0,0.0,685.0,8,4.0,4.0,0,0,0,1919,2,1.0,4.0,0
135900.0,0,0,0,0,0,0,0,0.0,0.0,5,2.0,3.0,0,0,0,1716,2,1.0,0.0,0
131000.0,0,0,0,0,0,0,0,0.0,281.0,5,3.0,3.0,0,0,0,1716,1,1.0,4.0,0
235000.0,0,0,0,0,0,0,0,34.0,539.0,7,4.0,3.0,0,0,0,2263,2,2.0,3.0,0
167000.0,0,0,0,0,0,0,0,238.0,418.0,6,3.0,3.0,110,0,0,1644,1,1.0,4.0,0
142500.0,0,0,0,0,0,0,0,0.0,588.0,6,3.0,3.0,120,0,0,1003,1,2.0,0.0,1
152000.0,0,0,0,0,0,0,0,0.0,282.0,5,3.0,3.0,289,0,0,1558,1,1.0,0.0,0
239000.0,0,0,0,1,0,0,0,1600.0,576.0,7,4.0,4.0,0,0,0,1950,2,2.0,3.0,0
175000.0,0,0,0,0,0,0,0,365.0,539.0,6,3.0,4.0,224,0,0,1743,1,1.0,4.0,0
158500.0,0,0,0,0,0,0,0,0.0,300.0,6,4.0,3.0,0,0,0,1152,1,1.0,4.0,0
157000.0,0,0,0,0,0,0,0,56.0,375.0,5,3.0,3.0,0,0,0,1336,1,1.0,4.0,0
267000.0,0,0,0,0,0,1,0,0.0,683.0,8,4.0,4.0,208,0,0,2452,2,4.0,3.0,0
205000.0,0,0,0,0,0,1,0,150.0,843.0,7,4.0,4.0,468,0,0,1541,2,2.0,3.0,0
149900.0,0,0,0,0,0,1,0,0.0,552.0,5,3.0,3.0,256,0,0,894,1,1.0,0.0,0
295000.0,0,0,0,0,0,0,0,0.0,870.0,7,4.0,3.0,302,1,0,3493,3,1.0,5.0,0
305900.0,0,0,0,0,0,1,0,246.0,888.0,8,4.0,4.0,168,1,0,2000,2,1.0,0.0,0
225000.0,0,0,0,0,0,0,0,246.0,746.0,7,4.0,4.0,127,0,0,2243,2,1.0,3.0,0
89500.0,0,0,0,0,0,0,0,0.0,0.0,6,2.0,3.0,0,0,0,1406,1,2.0,0.0,0
82500.0,0,0,0,0,0,0,0,0.0,539.0,4,3.0,3.0,158,0,0,861,1,2.0,0.0,0
360000.0,1,0,0,0,0,0,0,0.0,708.0,9,5.0,4.0,208,0,0,1944,2,2.0,5.0,0
165600.0,0,0,0,0,0,0,0,112.0,420.0,6,4.0,3.0,190,0,0,1501,2,2.0,3.0,0
132000.0,0,0,0,0,0,0,0,0.0,240.0,6,3.0,3.0,0,0,0,972,1,1.0,4.0,0
119900.0,0,0,0,0,0,0,0,0.0,410.0,5,3.0,3.0,0,0,0,1118,1,1.0,4.0,0
375000.0,0,0,0,0,1,0,0,0.0,513.0,7,3.0,3.0,0,0,0,2036,2,4.0,4.0,0
178000.0,0,0,0,0,0,0,0,0.0,546.0,7,5.0,3.0,0,0,0,1641,1,1.0,4.0,0
188500.0,0,0,0,0,0,0,0,0.0,432.0,7,4.0,4.0,100,0,0,1432,2,2.0,4.0,0
260000.0,0,0,0,0,0,0,0,278.0,484.0,7,5.0,4.0,288,1,0,2353,2,2.0,3.0,0
270000.0,0,0,0,1,0,0,0,0.0,1025.0,8,4.0,4.0,208,0,0,1959,2,1.0,4.0,0
260000.0,0,0,1,0,0,0,0,256.0,656.0,7,4.0,4.0,340,0,0,2646,2,1.0,3.0,0
187500.0,0,0,0,0,0,0,0,225.0,588.0,7,3.0,3.0,233,0,0,1472,2,1.0,3.0,0
342643.0,1,0,0,0,0,0,0,370.0,840.0,9,4.0,3.0,240,0,0,2596,3,1.0,0.0,0
354000.0,1,0,0,0,0,0,0,388.0,872.0,8,4.0,4.0,184,0,0,2468,2,2.0,4.0,0
301000.0,0,0,0,0,0,0,0,172.0,576.0,7,4.0,4.0,201,0,0,2730,2,2.0,3.0,0
126175.0,0,0,0,0,0,0,0,0.0,220.0,3,3.0,3.0,142,0,0,1163,1,1.0,0.0,0
242000.0,0,0,0,0,0,0,0,300.0,564.0,7,4.0,4.0,240,0,0,2978,2,1.0,4.0,0
87000.0,0,0,0,0,0,0,0,0.0,360.0,5,3.0,3.0,0,0,0,803,1,1.0,0.0,0
324000.0,0,0,0,0,0,0,0,0.0,473.0,8,4.0,4.0,122,0,0,1719,1,2.0,4.0,1
145250.0,0,0,0,0,0,0,0,175.0,292.0,6,3.0,3.0,0,0,0,1383,1,1.0,0.0,0
214500.0,0,0,0,0,0,0,0,0.0,441.0,6,4.0,3.0,0,0,0,2134,2,2.0,0.0,0
78000.0,0,0,0,0,0,0,0,0.0,189.0,5,3.0,3.0,0,0,0,1192,1,1.0,0.0,0
119000.0,0,0,0,0,0,0,0,84.0,352.0,5,3.0,3.0,155,0,0,1728,2,2.0,0.0,0
139000.0,0,0,0,0,0,0,0,0.0,308.0,5,3.0,3.0,0,0,0,1056,1,1.0,0.0,0
284000.0,1,0,0,0,0,0,0,296.0,880.0,8,4.0,4.0,0,0,0,1629,2,2.0,4.0,0
207000.0,1,0,0,0,0,0,0,146.0,484.0,7,4.0,4.0,192,0,0,1358,2,1.0,4.0,0
192000.0,0,0,0,0,0,0,0,0.0,472.0,6,3.0,3.0,100,0,0,1638,2,2.0,3.0,0
228950.0,0,1,0,0,1,0,0,0.0,529.0,5,3.0,3.0,670,0,0,1786,2,2.0,4.0,0
377426.0,0,1,0,0,0,0,1,200.0,676.0,9,4.0,4.0,178,0,0,1922,2,2.0,4.0,0
214000.0,0,0,0,0,0,1,0,113.0,532.0,7,4.0,4.0,192,0,0,1536,2,1.0,0.0,0
202500.0,0,0,0,0,0,0,0,0.0,440.0,7,4.0,4.0,108,0,0,1621,2,1.0,0.0,0
155000.0,0,0,0,0,0,0,0,176.0,297.0,6,3.0,3.0,0,0,0,1215,1,2.0,0.0,0
202900.0,0,0,0,0,1,0,0,0.0,431.0,8,4.0,4.0,135,0,0,1908,2,1.0,0.0,0
82000.0,0,0,0,0,0,0,0,0.0,294.0,4,3.0,2.0,250,0,0,841,1,1.0,0.0,0
87500.0,0,0,0,0,0,0,0,340.0,400.0,3,3.0,3.0,0,0,0,1040,2,1.0,0.0,0
266000.0,1,0,0,0,0,0,0,616.0,564.0,9,5.0,5.0,495,0,0,1684,2,2.0,5.0,0
85000.0,0,0,0,0,0,0,0,0.0,336.0,5,3.0,3.0,182,1,0,1112,1,1.0,0.0,0
140200.0,0,0,0,0,0,0,0,0.0,312.0,6,2.0,3.0,0,0,0,1577,1,1.0,4.0,0
151500.0,0,0,0,0,0,0,0,0.0,301.0,6,3.0,3.0,0,0,0,958,1,2.0,0.0,1
157500.0,0,0,0,0,0,0,0,30.0,498.0,6,3.0,3.0,0,0,0,1478,2,2.0,4.0,0
154000.0,1,0,0,0,0,0,0,106.0,474.0,7,4.0,4.0,0,0,0,1626,2,1.0,0.0,0
437154.0,1,0,0,0,0,0,0,870.0,706.0,9,5.0,5.0,0,1,0,2728,2,3.0,5.0,0
318061.0,1,0,0,0,0,0,0,362.0,617.0,9,5.0,5.0,210,0,0,1869,2,2.0,4.0,0
190000.0,0,0,0,0,0,0,0,0.0,445.0,7,4.0,3.0,0,0,0,1453,1,2.0,3.0,0
95000.0,0,0,0,0,0,0,0,0.0,200.0,5,3.0,3.0,48,0,0,1111,1,1.0,0.0,0
105900.0,0,0,0,0,0,0,0,0.0,484.0,6,3.0,3.0,106,0,0,720,1,1.0,0.0,0
140000.0,0,0,0,0,0,0,0,0.0,240.0,6,3.0,3.0,0,0,0,1595,1,1.0,4.0,0
177500.0,0,0,0,0,0,1,0,0.0,521.0,6,4.0,4.0,0,0,0,1200,2,3.0,0.0,0
173000.0,0,0,0,0,0,0,0,106.0,400.0,6,4.0,3.0,120,0,0,1167,2,2.0,0.0,0
134000.0,0,0,0,0,0,0,0,0.0,528.0,5,3.0,3.0,536,1,0,1142,1,1.0,1.0,0
130000.0,0,0,0,0,0,0,0,120.0,288.0,5,4.0,3.0,168,0,0,1352,1,2.0,0.0,0
280000.0,0,0,1,0,0,0,0,530.0,592.0,8,4.0,4.0,208,0,0,1924,2,2.0,3.0,1
156000.0,0,0,0,0,0,0,0,0.0,470.0,6,3.0,3.0,0,0,0,912,1,2.0,3.0,1
145000.0,0,0,0,0,0,0,0,0.0,240.0,5,3.0,3.0,0,0,0,1505,1,1.0,0.0,0
198500.0,0,0,0,0,0,0,0,500.0,672.0,7,4.0,4.0,0,0,0,1922,3,1.0,5.0,0
118000.0,0,0,0,0,0,0,0,510.0,264.0,6,4.0,3.0,250,0,0,987,1,1.0,0.0,0
190000.0,0,0,0,0,0,0,0,120.0,566.0,6,3.0,3.0,306,0,1,1574,2,2.0,3.0,0
147000.0,0,0,0,0,0,0,0,0.0,468.0,5,3.0,3.0,0,0,0,1344,1,1.0,0.0,0
159000.0,0,0,0,0,0,0,0,247.0,514.0,6,3.0,3.0,0,0,0,1394,1,2.0,4.0,0
165000.0,0,0,0,0,0,0,0,305.0,296.0,6,3.0,3.0,64,0,0,1431,1,2.0,4.0,0
132000.0,0,0,0,0,0,0,0,200.0,244.0,5,3.0,3.0,0,0,0,1268,1,1.0,4.0,0
162000.0,0,0,0,0,0,0,0,0.0,576.0,5,4.0,3.0,364,0,0,1287,1,2.0,4.0,0
172400.0,0,0,0,0,0,0,0,0.0,460.0,6,3.0,3.0,100,0,0,1664,2,2.0,3.0,0
134432.0,0,0,0,0,0,0,0,0.0,680.0,4,3.0,3.0,0,0,0,1588,2,1.0,4.0,0
125000.0,0,0,0,0,0,0,0,0.0,264.0,6,3.0,3.0,353,0,0,752,1,1.0,0.0,0
123000.0,0,0,0,0,0,0,0,0.0,270.0,5,3.0,3.0,66,0,0,1319,1,1.0,0.0,0
219500.0,0,0,0,0,0,1,0,0.0,434.0,7,4.0,4.0,100,0,0,1928,2,1.0,4.0,0
61000.0,0,0,0,0,0,0,0,0.0,0.0,1,2.0,2.0,0,0,0,904,0,2.0,0.0,0
148000.0,0,0,0,0,0,1,0,0.0,576.0,5,3.0,4.0,0,0,0,914,1,2.0,0.0,1
340000.0,0,0,0,1,0,0,0,0.0,610.0,8,4.0,4.0,159,1,0,2466,3,2.0,4.0,0
394432.0,0,0,0,0,0,0,1,350.0,834.0,9,5.0,4.0,113,0,0,1856,1,1.0,5.0,0
179000.0,0,0,0,0,0,0,0,16.0,463.0,6,3.0,3.0,100,0,0,1800,2,2.0,3.0,0
127000.0,0,0,0,0,0,0,0,0.0,308.0,5,4.0,3.0,0,0,0,1691,2,1.0,4.0,0
187750.0,0,0,0,1,0,0,0,0.0,572.0,7,4.0,4.0,216,0,0,1301,2,1.0,4.0,0
213500.0,0,0,0,0,0,1,0,0.0,639.0,7,4.0,4.0,144,0,0,1797,2,2.0,0.0,0
76000.0,0,0,0,0,0,0,0,0.0,360.0,6,3.0,3.0,0,0,0,784,1,1.0,0.0,0
240000.0,0,0,0,0,0,0,0,0.0,501.0,6,4.0,4.0,216,0,0,1953,2,3.0,2.0,0
192000.0,0,0,0,0,0,0,0,16.0,430.0,8,4.0,4.0,146,0,0,1269,2,1.0,3.0,0
81000.0,0,0,0,0,0,0,0,0.0,0.0,5,3.0,3.0,0,0,1,1184,1,1.0,0.0,0
125000.0,0,0,0,0,0,0,0,255.0,352.0,6,3.0,3.0,296,0,0,1125,1,1.0,2.0,0
191000.0,0,0,0,0,0,1,0,125.0,577.0,7,4.0,4.0,120,0,0,1479,2,2.0,0.0,1
426000.0,1,0,0,0,0,0,0,272.0,846.0,10,5.0,5.0,196,0,0,2332,2,1.0,5.0,0
119000.0,0,0,0,0,0,0,0,0.0,384.0,5,3.0,3.0,0,0,0,1367,1,1.0,0.0,0
215000.0,0,0,0,0,0,0,0,0.0,560.0,6,4.0,3.0,125,0,0,1961,2,2.0,3.0,1
106500.0,0,0,0,0,0,0,0,0.0,294.0,5,3.0,3.0,0,0,0,882,1,2.0,0.0,0
100000.0,0,0,0,0,0,0,0,0.0,0.0,4,3.0,3.0,0,0,0,788,1,1.0,3.0,0
109000.0,0,0,0,0,0,0,0,0.0,240.0,5,3.0,3.0,0,0,0,1034,1,1.0,0.0,0
129000.0,0,0,0,0,0,0,0,0.0,596.0,5,3.0,3.0,44,0,0,1144,1,1.0,0.0,0
123000.0,0,0,0,0,0,1,0,0.0,600.0,5,3.0,3.0,215,0,0,894,1,1.0,0.0,0
169500.0,0,0,0,0,0,0,0,288.0,264.0,5,3.0,3.0,0,0,0,1812,2,1.0,3.0,0
67000.0,0,0,0,0,0,0,0,0.0,338.0,5,3.0,3.0,0,0,0,1077,1,1.0,0.0,0
241000.0,0,0,0,1,0,0,0,100.0,438.0,7,4.0,4.0,0,1,0,1550,2,1.0,0.0,0
245500.0,0,0,0,0,0,0,0,0.0,500.0,8,5.0,4.0,120,0,0,1288,1,3.0,4.0,0
164990.0,0,0,0,0,0,1,0,0.0,400.0,7,4.0,4.0,0,0,0,1310,2,2.0,4.0,0
108000.0,0,0,0,0,0,0,0,0.0,240.0,5,3.0,3.0,168,0,0,672,1,1.0,0.0,0
258000.0,0,0,1,0,0,0,0,650.0,420.0,8,4.0,4.0,144,0,0,2263,2,1.0,3.0,0
168000.0,0,0,0,0,0,0,0,0.0,373.0,6,3.0,3.0,0,0,0,1572,2,2.0,3.0,0
150000.0,0,0,0,0,0,0,0,0.0,490.0,4,3.0,3.0,120,0,0,1620,2,2.0,3.0,0
115000.0,0,0,0,0,0,0,0,0.0,240.0,6,3.0,3.0,0,0,0,1639,1,1.0,0.0,0
177000.0,0,0,0,0,0,0,0,0.0,308.0,6,3.0,3.0,0,0,0,1680,2,1.0,0.0,0
280000.0,1,0,0,0,0,0,0,350.0,947.0,7,4.0,4.0,192,0,0,2172,2,1.0,4.0,0
339750.0,0,0,0,1,0,0,0,100.0,836.0,8,5.0,4.0,0,0,0,2078,2,1.0,4.0,0
60000.0,0,0,0,0,0,0,0,0.0,350.0,5,3.0,3.0,0,0,0,1276,1,1.0,0.0,0
145000.0,0,0,0,0,0,0,0,0.0,572.0,5,3.0,3.0,264,0,0,1056,1,1.0,0.0,0
222000.0,0,0,0,1,0,0,0,432.0,484.0,7,4.0,5.0,0,0,0,1478,2,3.0,4.0,0
115000.0,0,0,0,0,0,0,0,0.0,360.0,5,3.0,3.0,0,0,0,1028,1,1.0,4.0,0
228000.0,0,0,0,0,0,0,0,0.0,678.0,7,4.0,4.0,196,0,0,2097,2,3.0,3.0,1
181134.0,0,0,0,0,0,0,0,0.0,396.0,7,4.0,4.0,100,0,0,1340,2,2.0,0.0,0
149500.0,0,0,0,0,0,0,0,203.0,440.0,6,3.0,3.0,0,0,0,1400,1,1.0,3.0,0
239000.0,0,0,0,0,0,0,0,0.0,864.0,6,3.0,3.0,0,0,0,2624,2,2.0,4.0,0
126000.0,0,0,0,0,0,0,0,0.0,240.0,5,3.0,3.0,0,0,0,1134,1,1.0,0.0,0
142000.0,0,0,0,0,0,0,0,0.0,304.0,5,3.0,3.0,0,0,0,1056,1,1.0,2.0,0
206300.0,0,0,0,0,0,0,0,200.0,784.0,7,3.0,3.0,0,0,0,1344,2,1.0,0.0,0
215000.0,0,0,0,0,0,0,0,126.0,529.0,6,4.0,4.0,240,1,1,1602,2,2.0,3.0,0
113000.0,0,1,0,0,0,0,0,0.0,520.0,5,3.0,3.0,0,0,0,988,1,1.0,0.0,0
315000.0,0,0,1,0,0,0,0,473.0,696.0,8,4.0,4.0,0,0,0,2630,2,1.0,3.0,0
139000.0,0,0,0,0,0,0,0,74.0,297.0,6,3.0,3.0,0,0,0,1196,1,1.0,4.0,0
135000.0,0,1,0,0,0,0,0,0.0,240.0,7,3.0,3.0,0,0,0,1389,1,1.0,4.0,0
275000.0,0,0,0,0,0,0,0,145.0,569.0,7,4.0,4.0,80,0,0,1644,2,1.0,3.0,0
109008.0,0,0,0,0,0,0,0,0.0,352.0,4,3.0,3.0,0,0,0,907,1,2.0,0.0,0
195400.0,0,0,0,0,0,1,0,108.0,628.0,7,4.0,4.0,105,0,0,1208,2,1.0,0.0,0
175000.0,0,0,0,0,1,0,0,0.0,576.0,6,4.0,3.0,0,0,0,1412,2,2.0,3.0,0
85400.0,0,0,0,0,0,0,0,232.0,264.0,6,3.0,3.0,0,0,0,987,1,1.0,0.0,0
79900.0,0,0,0,0,0,0,0,0.0,0.0,6,3.0,3.0,0,0,0,1198,1,2.0,0.0,0
122500.0,0,0,0,0,0,0,0,376.0,440.0,5,3.0,3.0,240,0,0,1365,1,1.0,0.0,0
181000.0,0,0,0,0,0,0,0,0.0,470.0,6,3.0,3.0,0,0,0,1604,2,2.0,3.0,0
81000.0,0,0,0,0,0,0,0,0.0,0.0,4,3.0,3.0,88,1,0,630,1,1.0,0.0,0
212000.0,0,0,0,0,0,1,0,0.0,550.0,7,4.0,4.0,158,0,0,1661,2,3.0,3.0,1
116000.0,0,0,0,0,0,0,0,0.0,440.0,6,3.0,3.0,0,0,0,1118,1,1.0,0.0,0
119000.0,0,0,0,0,0,0,0,0.0,180.0,6,3.0,4.0,0,0,0,904,1,1.0,0.0,0
90350.0,0,0,0,0,0,0,0,0.0,352.0,5,4.0,3.0,0,0,0,694,1,1.0,4.0,0
110000.0,0,0,0,0,0,0,0,0.0,528.0,6,4.0,3.0,0,0,0,1196,1,1.0,0.0,0
555000.0,1,0,0,0,0,0,0,200.0,672.0,10,5.0,5.0,0,0,0,2402,2,1.0,4.0,0
118000.0,0,0,0,0,0,0,0,270.0,0.0,4,2.0,3.0,0,0,0,1440,2,1.0,0.0,0
162900.0,0,0,0,0,0,0,0,0.0,360.0,5,3.0,3.0,0,0,0,1573,2,1.0,4.0,0
172500.0,0,0,0,0,0,0,0,72.0,648.0,7,4.0,4.0,144,0,0,1258,2,1.0,4.0,0
210000.0,0,0,0,0,0,1,0,0.0,493.0,7,4.0,4.0,144,0,0,1908,2,1.0,3.0,0
127500.0,0,0,0,0,0,0,0,0.0,480.0,6,3.0,3.0,0,0,0,1689,1,1.0,4.0,0
190000.0,0,0,0,0,0,0,0,0.0,578.0,6,4.0,4.0,0,0,0,1888,2,2.0,4.0,0
199900.0,0,0,0,0,0,0,0,0.0,431.0,7,4.0,4.0,89,0,0,1886,2,2.0,3.0,0
119500.0,0,0,0,0,0,0,0,0.0,198.0,6,3.0,3.0,0,0,0,1376,2,1.0,4.0,0
120000.0,0,0,0,0,0,0,0,0.0,308.0,3,3.0,3.0,0,0,0,1183,1,1.0,0.0,0
110000.0,0,0,0,0,0,0,0,0.0,270.0,6,4.0,3.0,0,0,0,813,1,1.0,0.0,0
280000.0,0,0,0,0,0,0,0,0.0,576.0,7,4.0,3.0,200,0,0,1533,2,2.0,3.0,0
204000.0,0,0,0,0,1,0,0,42.0,422.0,6,3.0,4.0,144,0,0,1756,2,2.0,0.0,0
210000.0,0,0,0,1,0,0,0,0.0,676.0,8,4.0,4.0,0,0,0,1590,2,1.0,0.0,0
188000.0,0,0,0,0,0,0,0,0.0,560.0,5,3.0,3.0,0,0,0,1728,2,1.0,0.0,0
175500.0,0,0,0,0,0,0,0,320.0,528.0,7,3.0,3.0,0,0,0,1242,1,1.0,3.0,0
98000.0,0,0,0,0,0,0,0,0.0,513.0,5,3.0,3.0,0,0,0,1344,1,1.0,0.0,0
256000.0,0,0,0,0,0,0,0,0.0,529.0,4,4.0,3.0,224,0,0,1663,1,2.0,4.0,1
161000.0,0,0,0,0,0,0,0,0.0,228.0,8,4.0,3.0,192,0,0,1666,1,1.0,4.0,0
110000.0,0,0,0,0,0,0,0,161.0,352.0,5,4.0,3.0,0,0,0,1203,1,2.0,3.0,0
263435.0,0,0,0,1,0,0,0,110.0,552.0,8,3.0,4.0,0,0,0,1935,2,2.0,0.0,0
155000.0,0,0,0,0,0,0,0,0.0,576.0,7,4.0,4.0,256,0,0,1135,1,1.0,0.0,0
62383.0,0,0,0,0,0,0,0,0.0,360.0,5,3.0,3.0,0,0,0,864,1,2.0,1.0,0
188700.0,0,1,0,0,0,0,0,0.0,240.0,6,3.0,3.0,0,0,0,1660,1,2.0,4.0,0
124000.0,0,1,0,0,0,1,0,136.0,0.0,5,3.0,3.0,0,0,0,1040,2,1.0,0.0,0
178740.0,0,0,0,0,0,0,0,18.0,398.0,7,4.0,4.0,144,0,0,1414,2,1.0,3.0,0
167000.0,0,0,0,0,0,0,0,0.0,526.0,7,3.0,3.0,0,0,0,1277,1,1.0,1.0,0
146500.0,0,0,0,0,0,0,0,224.0,312.0,5,4.0,3.0,168,0,0,1644,1,1.0,4.0,0
250000.0,1,0,0,0,0,0,0,248.0,866.0,8,4.0,4.0,0,0,0,1634,2,2.0,4.0,0
187000.0,0,0,0,0,0,0,0,120.0,506.0,6,4.0,4.0,144,0,0,1710,2,2.0,0.0,0
212000.0,0,0,0,0,0,0,1,0.0,528.0,8,4.0,4.0,0,0,0,1502,1,2.0,0.0,0
190000.0,0,0,0,0,0,0,0,0.0,534.0,7,3.0,3.0,0,0,0,1969,2,1.0,4.0,0
148000.0,0,0,0,0,0,0,0,80.0,525.0,6,3.0,3.0,0,0,0,1072,1,1.0,0.0,0
440000.0,1,0,0,0,0,0,0,304.0,908.0,8,4.0,4.0,250,0,0,1976,2,2.0,5.0,0
251000.0,0,0,0,0,0,0,1,0.0,499.0,8,5.0,4.0,96,1,0,1652,2,1.0,0.0,0
132500.0,0,0,0,0,0,0,0,0.0,624.0,5,3.0,3.0,0,0,0,970,1,1.0,0.0,0
208900.0,0,0,0,0,0,1,0,215.0,508.0,6,4.0,3.0,140,0,0,1493,2,1.0,3.0,0
380000.0,1,0,0,0,0,0,0,772.0,694.0,9,5.0,5.0,414,0,0,2643,2,1.0,4.0,0
297000.0,0,0,0,0,0,1,0,336.0,826.0,8,4.0,4.0,208,0,0,1718,2,1.0,4.0,0
89471.0,0,0,0,0,0,0,0,435.0,672.0,4,3.0,3.0,0,0,0,1131,1,1.0,0.0,0
326000.0,1,0,0,0,0,0,0,378.0,772.0,9,4.0,4.0,519,0,1,1850,2,2.0,4.0,0
374000.0,1,1,0,0,0,0,0,562.0,874.0,9,5.0,4.0,206,0,0,1792,2,2.0,4.0,0
155000.0,0,0,0,0,0,0,0,0.0,164.0,7,5.0,4.0,0,0,0,1826,1,1.0,4.0,0
164000.0,0,0,0,0,0,0,0,116.0,402.0,6,3.0,3.0,0,0,1,1216,2,1.0,0.0,0
132500.0,0,0,0,0,0,0,0,0.0,264.0,5,4.0,3.0,0,0,0,999,1,2.0,0.0,0
147000.0,0,0,0,0,0,0,0,0.0,264.0,5,4.0,4.0,0,0,0,1113,1,1.0,4.0,0
156000.0,0,0,0,0,0,0,0,168.0,515.0,5,3.0,3.0,0,0,0,1073,1,1.0,0.0,0
175000.0,0,0,0,0,0,0,0,0.0,487.0,5,3.0,3.0,224,0,0,1484,2,2.0,3.0,0
160000.0,0,0,0,0,0,0,0,0.0,520.0,5,3.0,3.0,142,0,0,2414,2,1.0,4.0,0
86000.0,0,0,0,0,0,0,0,0.0,286.0,4,4.0,3.0,0,1,0,630,1,1.0,0.0,0
115000.0,0,0,0,0,0,0,0,0.0,336.0,5,3.0,3.0,141,1,0,1304,1,1.0,4.0,0
133000.0,0,0,0,0,0,0,0,0.0,240.0,6,2.0,3.0,0,0,0,1578,1,1.0,3.0,0
172785.0,0,0,0,0,0,0,0,0.0,429.0,6,3.0,4.0,0,0,0,1456,2,2.0,0.0,0
155000.0,0,0,0,0,0,0,0,0.0,308.0,5,3.0,3.0,0,0,0,1269,1,1.0,2.0,0
91300.0,0,0,0,0,0,0,0,0.0,273.0,5,3.0,3.0,144,0,0,886,1,1.0,0.0,0
34900.0,0,0,0,0,0,0,0,0.0,0.0,4,3.0,3.0,0,0,0,720,1,1.0,0.0,0
430000.0,0,0,1,0,0,0,0,0.0,546.0,8,4.0,4.0,264,0,0,3228,3,2.0,4.0,0
184000.0,0,0,0,0,0,0,0,0.0,240.0,7,3.0,3.0,0,0,0,1820,2,1.0,0.0,0
130000.0,0,0,0,0,0,0,0,89.0,288.0,5,4.0,3.0,64,0,0,899,1,1.0,0.0,0
120000.0,0,0,0,0,0,0,0,0.0,297.0,5,3.0,3.0,12,0,0,912,1,2.0,0.0,0
113000.0,0,0,0,0,0,0,0,285.0,264.0,6,3.0,3.0,144,0,0,1218,1,1.0,0.0,0
226700.0,0,0,0,1,0,0,0,0.0,603.0,7,4.0,4.0,0,0,0,1768,2,1.0,0.0,0
140000.0,0,0,0,0,0,0,0,0.0,461.0,5,3.0,3.0,0,0,0,1214,1,1.0,0.0,0
289000.0,0,0,0,0,0,0,0,0.0,484.0,7,3.0,3.0,0,0,0,1801,2,2.0,3.0,0
147000.0,0,0,0,0,0,0,0,0.0,440.0,6,3.0,3.0,260,0,0,1322,2,1.0,2.0,0
124500.0,0,0,0,0,0,0,0,360.0,400.0,5,3.0,3.0,0,0,0,1960,2,1.0,0.0,0
215000.0,0,0,0,0,0,0,0,125.0,471.0,8,4.0,4.0,182,0,0,1911,2,2.0,3.0,0
208300.0,0,0,0,1,0,0,0,0.0,676.0,6,4.0,4.0,0,0,0,1218,2,2.0,0.0,0
161000.0,0,0,0,0,0,0,0,0.0,360.0,7,4.0,3.0,0,0,0,1378,2,1.0,4.0,0
124500.0,0,0,0,0,0,0,0,132.0,270.0,5,3.0,3.0,224,0,0,1041,1,1.0,0.0,0
164900.0,0,0,0,0,0,0,0,70.0,288.0,5,3.0,4.0,324,0,0,1363,1,1.0,3.0,0
202665.0,1,0,0,0,0,0,0,94.0,474.0,7,4.0,4.0,132,0,0,1368,2,2.0,4.0,0
129900.0,0,0,0,0,0,0,0,0.0,624.0,5,3.0,3.0,0,0,0,864,1,1.0,0.0,0
134000.0,0,0,0,0,0,0,0,0.0,484.0,6,3.0,3.0,120,0,0,1080,1,1.0,0.0,0
96500.0,0,0,0,0,0,0,0,0.0,200.0,5,3.0,3.0,0,0,0,789,1,1.0,0.0,0
402861.0,1,0,0,0,0,0,0,305.0,900.0,10,5.0,5.0,156,1,0,2020,2,1.0,4.0,0
158000.0,0,0,0,0,0,0,0,333.0,583.0,6,3.0,3.0,0,0,0,2119,2,2.0,3.0,0
265000.0,0,0,1,0,0,0,0,921.0,889.0,7,4.0,4.0,220,0,0,2344,2,2.0,3.0,0
211000.0,0,0,0,0,0,1,0,0.0,546.0,6,3.0,3.0,0,0,0,1796,2,2.0,0.0,1
234000.0,0,0,0,0,0,0,0,0.0,282.0,7,4.0,4.0,0,0,0,2080,1,1.0,4.0,0
106250.0,0,0,0,0,0,0,0,0.0,0.0,4,3.0,3.0,220,0,0,1294,2,1.0,0.0,0
150000.0,0,0,0,0,0,0,0,0.0,336.0,6,3.0,3.0,0,0,0,1244,1,2.0,4.0,0
159000.0,0,0,0,0,0,0,0,0.0,420.0,6,3.0,3.0,0,1,0,1664,2,1.0,4.0,0
184750.0,0,0,0,0,0,0,0,762.0,884.0,10,5.0,5.0,208,1,0,4676,3,2.0,4.0,0
315750.0,0,0,1,0,0,0,0,594.0,834.0,7,4.0,4.0,239,0,0,2398,2,2.0,3.0,0
176000.0,0,0,0,1,0,0,0,0.0,453.0,7,4.0,4.0,38,0,0,1266,2,1.0,3.0,0
132000.0,0,0,0,0,0,0,0,0.0,252.0,5,3.0,3.0,261,0,0,928,1,1.0,0.0,0
446261.0,1,0,0,0,0,0,0,268.0,858.0,9,5.0,5.0,126,0,0,2713,2,2.0,4.0,0
86000.0,0,0,0,0,0,0,0,0.0,0.0,4,3.0,3.0,0,0,0,605,1,2.0,0.0,0
200624.0,0,0,0,0,0,0,0,0.0,484.0,6,3.0,4.0,0,0,0,2515,3,2.0,3.0,1
175000.0,0,0,0,0,1,0,0,219.0,600.0,6,4.0,4.0,224,0,0,1509,2,1.0,2.0,0
128000.0,0,0,0,0,0,0,0,0.0,502.0,6,3.0,3.0,0,0,0,1362,2,2.0,0.0,0
107500.0,0,0,0,0,0,0,0,0.0,392.0,5,3.0,3.0,0,0,0,827,1,1.0,1.0,0
39300.0,0,0,0,0,0,0,0,0.0,0.0,1,2.0,2.0,0,0,0,334,1,1.0,0.0,0
178000.0,0,0,0,0,0,0,0,0.0,403.0,8,4.0,4.0,100,0,0,1414,2,2.0,4.0,0
107500.0,0,0,0,0,0,0,0,0.0,0.0,5,3.0,3.0,85,0,0,1347,1,1.0,0.0,0
188000.0,0,0,0,0,0,1,0,0.0,527.0,7,4.0,3.0,120,0,0,1724,2,2.0,0.0,1
111250.0,0,0,0,0,0,0,0,0.0,576.0,4,3.0,3.0,216,0,1,864,1,2.0,0.0,0
158000.0,0,0,0,0,0,0,0,188.0,336.0,5,3.0,3.0,466,0,0,1159,1,2.0,2.0,0
272000.0,0,0,0,0,0,1,0,479.0,670.0,8,4.0,4.0,180,0,0,1601,2,1.0,3.0,0
315000.0,0,0,0,0,1,0,0,584.0,765.0,9,5.0,5.0,270,0,0,1838,2,1.0,4.0,0
248000.0,0,0,1,0,0,0,0,72.0,648.0,8,4.0,4.0,0,0,1,2285,2,1.0,3.0,0
213250.0,0,0,0,0,0,0,0,0.0,583.0,7,4.0,4.0,78,0,0,1680,2,1.0,3.0,0
133000.0,0,0,0,0,0,0,0,182.0,367.0,7,3.0,3.0,120,0,0,767,1,1.0,0.0,0
179665.0,0,0,0,0,0,0,0,0.0,426.0,7,4.0,4.0,100,0,0,1496,2,2.0,4.0,0
229000.0,0,0,0,0,0,0,0,178.0,786.0,7,4.0,4.0,0,0,0,2183,2,2.0,0.0,0
210000.0,0,0,0,0,0,0,0,0.0,440.0,6,3.0,3.0,0,0,0,1635,1,2.0,4.0,0
129500.0,0,0,0,0,0,0,0,0.0,624.0,5,3.0,3.0,104,0,0,768,1,1.0,0.0,0
125000.0,0,1,0,0,0,0,0,0.0,720.0,5,3.0,3.0,140,0,0,825,1,2.0,0.0,0
263000.0,0,0,0,1,0,0,0,0.0,615.0,7,4.0,4.0,182,0,0,2094,2,1.0,4.0,0
140000.0,0,0,0,0,0,0,0,0.0,440.0,6,3.0,3.0,0,0,0,1069,2,1.0,0.0,0
112500.0,0,0,0,0,0,0,0,0.0,288.0,5,3.0,3.0,0,0,0,928,1,1.0,0.0,0
255500.0,1,0,0,0,0,0,0,250.0,908.0,8,4.0,4.0,169,0,0,1717,2,2.0,4.0,0
108000.0,0,0,0,0,0,0,0,0.0,520.0,4,4.0,3.0,0,0,0,1126,2,1.0,0.0,0
284000.0,1,0,0,0,0,0,0,292.0,871.0,7,4.0,4.0,320,0,0,2046,2,1.0,4.0,0
113000.0,0,0,0,0,0,0,0,0.0,280.0,5,3.0,3.0,0,0,0,1048,1,1.0,4.0,0
141000.0,0,0,0,0,0,0,0,0.0,299.0,5,3.0,3.0,268,0,0,1092,1,2.0,3.0,0
108000.0,0,0,0,0,0,0,0,0.0,570.0,4,3.0,3.0,0,0,0,1336,1,1.0,0.0,0
175000.0,0,1,0,0,0,0,0,0.0,406.0,7,3.0,3.0,264,0,1,1446,2,3.0,3.0,0
234000.0,0,0,0,0,0,0,0,18.0,420.0,7,4.0,4.0,143,0,0,1557,2,1.0,3.0,0
121500.0,0,0,0,0,0,0,0,180.0,528.0,5,3.0,3.0,0,0,0,1392,1,2.0,4.0,0
170000.0,0,0,0,0,0,0,0,0.0,418.0,5,3.0,3.0,240,0,0,1389,1,1.0,3.0,0
108000.0,0,0,0,0,0,0,0,0.0,0.0,5,3.0,3.0,144,0,0,996,1,1.0,4.0,0
185000.0,0,0,0,0,0,0,0,0.0,396.0,6,3.0,3.0,72,0,0,1674,2,1.0,4.0,0
268000.0,0,0,1,0,0,0,0,0.0,590.0,7,4.0,4.0,0,0,0,2295,2,2.0,3.0,1
128000.0,0,0,0,0,0,0,0,0.0,216.0,6,2.0,3.0,0,0,0,1647,1,1.0,0.0,0
325000.0,0,0,0,0,0,0,1,245.0,656.0,9,5.0,4.0,144,0,0,2504,2,2.0,4.0,0
214000.0,1,0,0,0,0,0,0,168.0,532.0,7,4.0,4.0,0,0,0,1535,2,2.0,0.0,0
316600.0,0,0,0,0,0,0,0,0.0,612.0,8,4.0,4.0,349,0,0,2132,1,2.0,4.0,0
135960.0,0,0,0,0,0,0,0,0.0,600.0,5,3.0,3.0,42,0,0,943,1,2.0,3.0,0
142600.0,0,0,0,0,0,0,0,108.0,576.0,5,3.0,3.0,0,0,0,1728,2,2.0,0.0,0
120000.0,0,0,0,0,0,0,0,207.0,288.0,6,4.0,3.0,168,0,0,864,1,1.0,0.0,0
224500.0,0,1,0,0,1,0,0,0.0,650.0,7,4.0,3.0,208,0,0,1692,2,2.0,0.0,0
170000.0,0,0,0,0,0,0,0,0.0,400.0,7,3.0,3.0,100,0,0,1430,2,2.0,3.0,0
139000.0,0,0,0,0,0,0,0,82.0,288.0,5,3.0,3.0,35,0,1,1109,1,1.0,0.0,0
118500.0,0,0,0,0,0,0,0,0.0,336.0,5,3.0,3.0,158,0,0,1216,1,1.0,0.0,0
145000.0,0,0,0,0,0,0,0,0.0,216.0,7,3.0,3.0,0,0,0,1477,2,1.0,4.0,0
164500.0,0,0,0,0,0,0,0,97.0,564.0,5,3.0,3.0,160,0,0,1320,1,2.0,2.0,0
146000.0,0,0,0,1,0,0,0,0.0,540.0,7,4.0,4.0,0,0,0,1392,2,1.0,0.0,0
131500.0,0,0,0,0,0,0,0,335.0,352.0,5,3.0,3.0,0,0,0,1795,2,1.0,0.0,0
181900.0,0,0,0,0,0,0,0,85.0,572.0,6,4.0,3.0,216,0,0,1429,1,2.0,4.0,1
253293.0,1,0,0,0,0,0,0,306.0,1390.0,8,5.0,5.0,0,0,0,2042,2,1.0,4.0,0
118500.0,0,0,0,0,0,0,0,104.0,0.0,6,3.0,3.0,0,0,0,816,1,1.0,0.0,0
325000.0,0,0,0,0,0,0,0,0.0,880.0,10,4.0,5.0,105,0,0,2775,3,1.0,4.0,0
133000.0,0,0,0,0,0,0,0,0.0,240.0,4,4.0,3.0,0,0,0,1573,1,1.0,0.0,0
369900.0,0,0,0,0,1,0,0,208.0,880.0,8,4.0,4.0,326,0,0,2028,2,1.0,4.0,0
130000.0,0,0,0,0,0,0,0,0.0,275.0,6,2.0,3.0,0,0,0,838,1,1.0,0.0,0
137000.0,0,0,0,0,0,0,0,0.0,528.0,5,3.0,3.0,0,0,0,860,1,2.0,0.0,0
143000.0,0,0,0,0,0,0,0,0.0,452.0,5,5.0,3.0,0,0,0,1473,1,2.0,4.0,0
79500.0,0,0,0,0,0,0,0,0.0,308.0,5,3.0,3.0,0,0,0,935,1,1.0,0.0,0
185900.0,0,0,0,0,0,1,0,0.0,520.0,7,4.0,4.0,0,0,0,1582,2,1.0,0.0,0
451950.0,1,0,0,0,0,0,0,420.0,842.0,10,5.0,5.0,382,1,0,2296,2,2.0,4.0,0
138000.0,0,0,0,0,0,0,0,0.0,816.0,5,3.0,3.0,0,0,0,816,1,1.0,0.0,0
140000.0,0,0,0,0,0,1,0,170.0,420.0,6,4.0,4.0,140,0,0,848,1,1.0,0.0,0
110000.0,0,0,0,0,0,1,0,0.0,280.0,5,3.0,3.0,0,0,0,924,1,2.0,0.0,0
319000.0,0,0,0,0,0,0,1,238.0,758.0,8,4.0,4.0,180,0,0,1826,2,2.0,3.0,0
114504.0,0,0,0,0,0,0,0,0.0,216.0,6,3.0,3.0,0,0,0,1368,1,1.0,0.0,0
194201.0,0,0,0,0,0,0,0,72.0,648.0,7,4.0,4.0,120,0,0,1402,0,1.0,4.0,0
217500.0,0,0,0,0,0,0,0,459.0,621.0,5,4.0,3.0,0,0,0,1647,2,1.0,3.0,0
151000.0,0,0,0,0,0,0,0,0.0,452.0,6,3.0,3.0,161,0,0,1556,2,1.0,3.0,0
275000.0,1,0,0,0,0,0,0,280.0,736.0,8,5.0,4.0,179,0,0,1904,2,1.0,4.0,0
141000.0,0,0,0,0,0,0,0,0.0,544.0,6,4.0,3.0,0,0,0,1375,1,1.0,4.0,0
220000.0,0,0,0,0,0,0,0,0.0,506.0,8,4.0,4.0,120,0,0,1915,2,2.0,3.0,0
151000.0,0,0,0,1,0,0,0,0.0,480.0,7,4.0,4.0,0,0,0,1200,2,1.0,0.0,0
221000.0,0,0,0,0,0,1,0,99.0,530.0,7,4.0,4.0,192,0,0,1494,2,2.0,3.0,0
205000.0,0,0,0,0,0,0,0,176.0,486.0,7,3.0,3.0,0,0,0,1986,2,1.0,2.0,0
152000.0,0,0,0,0,0,1,0,0.0,576.0,5,4.0,3.0,168,0,0,1040,1,3.0,0.0,0
225000.0,0,0,0,0,0,0,0,0.0,230.0,5,5.0,3.0,103,0,0,2008,3,1.0,0.0,0
359100.0,0,1,0,0,0,0,0,0.0,380.0,8,3.0,3.0,0,0,0,3194,2,1.0,4.0,0
118500.0,0,0,0,0,0,0,0,192.0,261.0,4,3.0,3.0,64,0,0,1029,1,1.0,0.0,0
313000.0,0,0,0,0,0,1,0,204.0,736.0,9,5.0,4.0,253,0,0,2153,2,1.0,5.0,0
148000.0,0,0,0,0,0,0,0,233.0,564.0,6,3.0,3.0,0,0,1,1032,2,2.0,3.0,0
261500.0,0,0,0,0,0,1,0,108.0,531.0,8,5.0,4.0,160,0,0,1872,2,1.0,3.0,0
147000.0,0,0,0,0,0,0,0,0.0,0.0,5,3.0,3.0,0,0,0,1120,1,1.0,0.0,0
75500.0,0,0,0,0,0,0,0,0.0,0.0,4,3.0,3.0,96,1,0,630,1,1.0,0.0,0
137500.0,0,0,0,0,0,0,0,156.0,480.0,6,4.0,3.0,120,0,0,1054,1,1.0,0.0,0
183200.0,0,0,0,0,0,0,0,0.0,393.0,6,4.0,4.0,100,0,0,1509,2,2.0,4.0,0
105500.0,0,1,0,0,0,0,0,0.0,528.0,6,4.0,3.0,0,0,0,832,1,1.0,0.0,0
314813.0,1,0,0,0,0,0,0,452.0,774.0,9,4.0,5.0,0,1,0,1828,2,1.0,4.0,0
305000.0,0,0,0,0,1,0,0,226.0,749.0,8,4.0,4.0,168,0,0,2262,2,1.0,4.0,0
67000.0,0,0,0,0,0,0,0,0.0,0.0,3,3.0,3.0,0,0,0,864,1,1.0,0.0,0
240000.0,0,0,0,0,0,0,0,0.0,624.0,6,3.0,3.0,38,0,0,2614,2,1.0,3.0,0
135000.0,0,0,0,0,0,0,0,153.0,484.0,5,3.0,3.0,192,0,0,980,1,1.0,0.0,0
168500.0,0,0,0,1,0,0,0,513.0,440.0,6,4.0,4.0,0,0,0,1512,2,1.0,3.0,0
165150.0,0,0,0,0,0,0,0,288.0,484.0,6,3.0,3.0,148,0,0,1790,1,1.0,3.0,0
160000.0,0,0,0,0,0,0,0,261.0,440.0,6,3.0,3.0,0,0,0,1116,1,2.0,0.0,0
139900.0,0,0,0,0,0,0,0,0.0,286.0,5,3.0,3.0,0,0,0,1422,1,2.0,3.0,0
153000.0,0,0,0,0,0,0,0,164.0,364.0,6,3.0,3.0,0,0,0,1520,1,1.0,4.0,0
135000.0,0,1,0,0,0,0,0,192.0,504.0,5,2.0,3.0,335,0,0,2080,1,2.0,3.0,0
168500.0,0,0,0,0,0,0,0,259.0,520.0,6,3.0,3.0,176,0,0,1350,1,1.0,0.0,0
124000.0,0,0,0,0,0,0,0,0.0,240.0,5,5.0,3.0,0,0,0,1750,1,1.0,0.0,0
209500.0,1,0,0,0,0,0,0,108.0,627.0,8,4.0,4.0,156,0,0,1554,2,1.0,4.0,0
82500.0,0,0,0,0,0,0,0,209.0,544.0,7,3.0,3.0,192,0,0,1411,2,1.0,3.0,0
139400.0,0,0,0,0,0,0,0,0.0,260.0,5,3.0,3.0,390,0,0,1056,1,1.0,0.0,0
144000.0,0,0,0,0,0,0,0,0.0,576.0,6,3.0,3.0,264,0,0,1056,0,1.0,0.0,0
200000.0,0,0,0,0,0,0,0,0.0,0.0,6,2.0,2.0,0,0,0,3395,2,1.0,0.0,0
60000.0,0,0,0,0,0,0,0,0.0,0.0,2,2.0,2.0,0,0,0,800,1,1.0,1.0,0
93000.0,0,0,0,0,0,0,0,0.0,256.0,5,4.0,3.0,0,0,0,1387,2,1.0,0.0,0
85000.0,0,0,0,0,0,0,0,0.0,0.0,5,3.0,3.0,328,0,0,796,1,1.0,0.0,0
264561.0,0,0,0,0,0,0,0,0.0,648.0,8,5.0,4.0,312,0,0,1567,2,1.0,4.0,0
274000.0,1,0,0,0,0,0,0,472.0,588.0,8,5.0,5.0,185,0,0,1518,1,2.0,4.0,0
226000.0,0,0,0,1,0,0,0,0.0,650.0,7,4.0,4.0,0,0,0,1929,2,1.0,3.0,0
345000.0,0,0,0,0,0,0,0,0.0,538.0,8,5.0,4.0,269,0,0,2704,2,1.0,3.0,0
152000.0,0,0,0,0,0,0,0,263.0,462.0,5,3.0,3.0,208,0,0,1620,2,1.0,0.0,0
370878.0,0,0,0,1,0,0,0,162.0,478.0,9,5.0,5.0,195,1,0,1766,2,1.0,4.0,0
143250.0,0,0,0,0,0,0,0,0.0,576.0,6,3.0,3.0,0,0,0,981,1,2.0,0.0,0
98300.0,0,0,0,0,0,0,0,0.0,420.0,5,3.0,3.0,0,0,0,1048,1,1.0,0.0,0
155000.0,0,0,0,0,0,0,0,216.0,495.0,6,3.0,3.0,0,0,0,1094,1,2.0,4.0,0
155000.0,0,0,0,0,0,0,0,351.0,442.0,6,3.0,3.0,0,0,0,1839,1,1.0,3.0,0
84500.0,0,0,0,0,0,0,0,0.0,0.0,4,3.0,3.0,0,1,0,630,1,1.0,0.0,0
205950.0,0,0,0,1,0,0,0,0.0,562.0,7,4.0,4.0,0,1,0,1665,2,1.0,0.0,0
108000.0,0,0,0,0,0,0,0,0.0,296.0,4,3.0,3.0,120,0,0,1510,1,1.0,4.0,0
191000.0,0,0,0,0,0,1,0,0.0,512.0,7,4.0,4.0,0,0,0,1716,2,1.0,3.0,0
135000.0,0,0,0,0,0,0,0,0.0,216.0,6,3.0,3.0,57,0,0,1469,1,1.0,0.0,0
350000.0,0,0,1,0,0,0,0,660.0,839.0,8,4.0,4.0,236,0,0,2113,2,2.0,3.0,0
88000.0,0,0,0,0,0,0,0,381.0,264.0,6,3.0,3.0,0,0,0,1092,1,1.0,0.0,0
145500.0,0,0,0,0,0,0,0,54.0,312.0,5,4.0,4.0,0,0,0,1053,1,2.0,0.0,0
149000.0,0,1,0,0,0,0,0,0.0,270.0,7,3.0,3.0,0,0,0,1502,1,1.0,4.0,0
97500.0,0,0,0,0,0,0,0,0.0,330.0,6,3.0,3.0,192,0,0,1458,1,1.0,4.0,0
167000.0,0,0,0,0,0,0,0,0.0,480.0,5,3.0,3.0,0,0,0,1486,1,1.0,0.0,0
197900.0,0,0,0,0,0,0,0,233.0,550.0,7,3.0,3.0,0,0,0,1935,2,1.0,3.0,1
402000.0,0,0,1,0,0,0,0,528.0,711.0,8,4.0,4.0,517,0,0,2448,2,3.0,3.0,1
110000.0,0,0,0,0,0,0,0,216.0,576.0,6,3.0,3.0,0,0,0,1392,1,1.0,3.0,0
137500.0,0,0,0,0,0,0,0,0.0,588.0,4,3.0,3.0,0,0,0,1181,2,1.0,0.0,0
423000.0,0,0,0,0,0,0,0,0.0,1134.0,8,5.0,4.0,192,0,0,2097,1,3.0,5.0,1
230500.0,0,0,0,0,0,0,0,40.0,504.0,8,4.0,4.0,188,0,0,1936,2,2.0,3.0,0
129000.0,0,0,0,0,0,0,0,113.0,596.0,6,3.0,3.0,0,0,0,2380,2,2.0,1.0,0
193500.0,0,0,0,0,0,0,0,258.0,575.0,6,4.0,3.0,224,0,0,1679,2,1.0,2.0,0
168000.0,0,0,0,0,0,0,0,0.0,576.0,5,3.0,3.0,304,1,0,1437,1,1.0,3.0,0
137500.0,0,0,0,0,0,0,0,0.0,252.0,4,2.0,3.0,0,0,0,1180,1,1.0,4.0,0
173500.0,0,0,0,0,0,1,0,0.0,540.0,6,4.0,4.0,100,0,1,1476,2,1.0,0.0,0
103600.0,0,0,0,0,0,0,0,0.0,300.0,6,3.0,3.0,147,0,0,1369,2,1.0,0.0,0
165000.0,0,0,0,0,0,0,0,0.0,546.0,6,3.0,4.0,198,0,0,1208,1,2.0,3.0,0
257500.0,0,0,0,0,0,0,0,106.0,416.0,6,4.0,3.0,0,1,0,1839,2,1.0,3.0,0
140000.0,0,0,0,0,0,0,0,0.0,384.0,6,3.0,3.0,426,0,0,1136,1,1.0,4.0,0
148500.0,0,0,0,0,0,0,0,0.0,440.0,6,3.0,3.0,28,0,0,1441,2,1.0,3.0,0
87000.0,0,0,0,0,0,0,0,0.0,779.0,4,3.0,3.0,0,0,0,1774,2,1.0,0.0,0
109500.0,0,0,0,0,0,0,0,0.0,240.0,5,4.0,4.0,316,0,0,792,1,1.0,0.0,0
372500.0,0,0,0,0,0,0,1,464.0,834.0,8,4.0,4.0,322,0,0,2046,2,2.0,4.0,0
128500.0,0,0,0,0,0,0,0,57.0,572.0,5,3.0,3.0,0,0,0,988,1,2.0,0.0,0
143000.0,0,0,0,0,0,0,0,0.0,264.0,6,3.0,3.0,80,0,0,923,2,1.0,3.0,0
159434.0,0,0,0,0,0,0,0,0.0,281.0,5,3.0,3.0,0,0,0,1520,1,3.0,0.0,0
173000.0,0,1,0,0,0,0,0,0.0,431.0,6,4.0,3.0,307,0,0,1291,1,1.0,4.0,0
285000.0,0,0,0,0,0,1,0,215.0,702.0,9,4.0,4.0,257,0,0,1668,2,2.0,3.0,0
221000.0,0,0,1,0,0,0,0,30.0,486.0,7,3.0,4.0,0,0,0,1839,2,3.0,0.0,1
207500.0,0,0,0,0,0,0,1,0.0,577.0,7,4.0,4.0,219,0,0,2090,2,2.0,3.0,1
227875.0,0,0,0,1,0,0,0,0.0,578.0,7,4.0,4.0,144,0,0,1761,3,1.0,0.0,0
148800.0,0,0,0,1,0,0,0,0.0,480.0,7,4.0,4.0,0,0,1,1102,2,3.0,0.0,0
392000.0,0,1,0,0,0,0,1,0.0,567.0,8,4.0,4.0,140,0,0,1419,2,1.0,4.0,0
194700.0,1,0,0,0,0,0,0,256.0,460.0,6,4.0,4.0,192,0,0,1362,2,2.0,4.0,0
141000.0,0,0,0,0,0,1,0,147.0,420.0,6,4.0,4.0,149,0,0,848,1,1.0,3.0,0
755000.0,0,0,1,0,0,0,0,1170.0,832.0,10,5.0,5.0,382,0,0,4316,3,2.0,5.0,0
335000.0,0,0,0,0,1,0,0,293.0,628.0,7,4.0,4.0,320,0,0,2519,2,2.0,4.0,0
108480.0,0,0,0,0,0,0,0,0.0,326.0,5,3.0,3.0,0,0,0,1073,1,1.0,0.0,0
141500.0,0,0,0,0,0,0,0,0.0,576.0,5,3.0,3.0,112,0,0,1539,1,1.0,0.0,0
176000.0,0,0,0,0,1,0,0,72.0,551.0,6,4.0,3.0,125,0,0,1137,2,2.0,3.0,0
89000.0,0,0,0,0,0,0,0,0.0,205.0,5,3.0,3.0,0,0,0,616,1,1.0,0.0,0
123500.0,0,0,0,0,0,0,0,0.0,308.0,5,3.0,3.0,0,0,0,1148,1,2.0,0.0,0
138500.0,0,0,0,0,0,0,0,0.0,336.0,5,3.0,3.0,416,0,0,894,1,1.0,4.0,0
196000.0,0,0,0,1,0,0,0,0.0,530.0,7,4.0,4.0,156,0,0,1391,2,3.0,0.0,0
312500.0,0,0,0,0,1,0,0,630.0,765.0,8,4.0,4.0,270,0,0,1800,2,1.0,4.0,0
140000.0,0,0,0,0,0,0,0,168.0,528.0,7,3.0,3.0,0,0,0,1164,1,1.0,0.0,0
361919.0,0,0,0,0,0,0,1,466.0,666.0,8,5.0,5.0,324,0,0,2576,2,2.0,4.0,0
140000.0,0,0,0,0,0,0,0,0.0,672.0,5,4.0,3.0,344,0,0,1812,2,1.0,1.0,0
213000.0,0,0,0,0,0,1,0,109.0,606.0,7,4.0,4.0,0,0,0,1484,2,1.0,0.0,0
55000.0,0,0,0,0,0,0,0,0.0,0.0,4,2.0,2.0,0,0,0,1092,2,1.0,0.0,0
302000.0,0,0,0,0,0,0,0,351.0,739.0,7,4.0,3.0,380,0,0,1824,2,3.0,3.0,1
254000.0,1,0,0,0,0,0,0,176.0,550.0,8,4.0,4.0,192,0,0,1324,2,1.0,4.0,0
179540.0,0,0,0,0,0,0,0,0.0,400.0,7,4.0,4.0,100,0,0,1456,2,2.0,4.0,0
109900.0,0,0,0,0,0,0,0,41.0,408.0,5,3.0,3.0,0,0,0,904,1,2.0,0.0,0
52000.0,0,0,0,0,0,0,0,0.0,0.0,3,3.0,4.0,0,0,0,729,1,2.0,0.0,0
102776.0,0,1,0,0,0,0,0,0.0,384.0,4,3.0,3.0,68,0,0,1178,1,1.0,0.0,0
189000.0,0,1,0,0,0,0,1,0.0,472.0,8,4.0,4.0,168,0,0,1228,2,2.0,4.0,0
129000.0,0,0,0,0,0,0,0,160.0,576.0,4,3.0,3.0,0,0,0,960,1,1.0,0.0,0
130500.0,0,0,0,0,0,0,0,289.0,475.0,6,4.0,4.0,0,0,0,1479,2,2.0,0.0,1
165000.0,0,0,0,0,0,0,0,174.0,478.0,6,3.0,3.0,0,0,0,1350,2,1.0,3.0,0
159500.0,0,0,0,0,0,0,0,0.0,704.0,7,3.0,3.0,0,0,0,2554,1,1.0,0.0,0
157000.0,0,0,0,0,0,0,0,0.0,439.0,5,4.0,3.0,224,0,0,1178,1,1.0,2.0,0
341000.0,0,0,1,0,0,0,0,651.0,983.0,7,4.0,4.0,250,0,0,2418,2,1.0,3.0,0
128500.0,0,0,0,0,0,1,0,0.0,300.0,5,3.0,3.0,0,0,0,971,1,2.0,1.0,0
275000.0,0,0,0,0,0,0,1,0.0,564.0,8,4.0,4.0,114,0,0,1742,2,2.0,3.0,1
143000.0,0,0,0,0,0,1,0,169.0,420.0,6,4.0,4.0,160,0,0,848,1,1.0,0.0,0
124500.0,0,0,0,0,0,0,0,0.0,463.0,4,3.0,3.0,0,0,0,864,1,1.0,0.0,0
135000.0,0,0,0,0,0,0,0,0.0,548.0,4,3.0,3.0,0,0,0,1470,2,1.0,0.0,0
320000.0,0,0,0,0,0,0,0,340.0,768.0,9,5.0,5.0,327,1,0,1698,2,2.0,4.0,0
120500.0,0,0,0,0,0,0,0,0.0,660.0,4,4.0,3.0,96,0,0,864,1,1.0,0.0,0
222000.0,0,0,0,0,0,0,0,260.0,540.0,6,4.0,4.0,292,0,0,1680,2,2.0,4.0,0
194500.0,0,0,0,0,0,1,0,82.0,632.0,7,4.0,4.0,132,0,0,1232,2,1.0,0.0,0
110000.0,0,0,0,0,0,0,0,95.0,888.0,5,3.0,3.0,0,0,0,1776,2,1.0,0.0,0
103000.0,0,0,0,0,0,0,0,0.0,539.0,4,3.0,3.0,0,0,0,1208,1,1.0,0.0,0
236500.0,0,0,0,0,0,0,1,0.0,608.0,8,4.0,4.0,237,1,0,1616,2,2.0,3.0,0
187500.0,0,0,0,0,1,0,0,442.0,438.0,7,4.0,4.0,160,0,0,1146,2,2.0,4.0,0
222500.0,0,0,0,0,0,1,0,202.0,541.0,7,4.0,4.0,192,0,0,2031,2,2.0,3.0,0
131400.0,0,0,0,0,0,0,0,0.0,264.0,5,3.0,3.0,165,0,0,1144,1,1.0,3.0,0
108000.0,0,0,0,0,0,0,0,0.0,300.0,5,3.0,3.0,147,0,0,948,1,2.0,0.0,0
163000.0,0,0,0,0,0,0,0,0.0,320.0,7,3.0,3.0,0,0,0,1768,1,1.0,3.0,0
93500.0,0,0,0,0,0,0,0,0.0,400.0,3,3.0,3.0,0,0,0,1040,2,1.0,0.0,0
239900.0,0,1,0,0,0,0,0,0.0,800.0,8,4.0,4.0,0,0,0,1801,2,2.0,4.0,1
179000.0,0,0,0,0,0,0,0,0.0,0.0,5,3.0,3.0,120,0,0,1200,3,1.0,0.0,0
190000.0,0,0,0,0,0,1,0,0.0,572.0,7,4.0,4.0,187,0,0,1728,2,2.0,0.0,0
132000.0,0,0,0,0,0,0,0,0.0,360.0,5,3.0,3.0,270,0,0,1432,2,1.0,0.0,0
142000.0,0,0,0,0,0,0,0,0.0,288.0,6,4.0,3.0,168,0,0,912,1,2.0,0.0,0
179000.0,0,0,0,0,0,0,0,108.0,539.0,7,3.0,3.0,120,0,0,1349,2,1.0,0.0,0
175000.0,0,0,0,0,0,0,0,0.0,480.0,5,3.0,3.0,302,0,0,1464,2,2.0,3.0,0
180000.0,0,1,0,0,0,0,1,0.0,462.0,8,4.0,4.0,96,0,0,1337,2,2.0,3.0,0
299800.0,0,0,0,0,0,0,0,289.0,831.0,8,4.0,5.0,0,0,0,2715,3,2.0,3.0,0
236000.0,0,0,0,0,0,0,0,0.0,554.0,7,4.0,4.0,224,0,0,2256,2,2.0,3.0,0
265979.0,0,0,0,0,0,0,0,0.0,864.0,7,4.0,4.0,181,0,0,2640,1,2.0,4.0,0
260400.0,0,0,1,0,0,0,0,338.0,527.0,7,4.0,4.0,240,0,0,1720,2,2.0,3.0,0
98000.0,0,0,0,0,0,0,0,0.0,240.0,4,3.0,3.0,92,0,0,1529,2,1.0,0.0,0
96500.0,0,0,0,0,0,0,0,0.0,0.0,4,3.0,3.0,0,0,0,1140,1,1.0,0.0,0
162000.0,0,0,0,0,0,0,0,0.0,400.0,7,4.0,4.0,0,0,0,1320,2,1.0,0.0,0
217000.0,0,0,0,0,0,1,0,0.0,576.0,6,4.0,3.0,168,0,0,1494,2,2.0,0.0,0
275500.0,1,0,0,0,0,0,0,178.0,878.0,8,5.0,4.0,192,0,0,2098,2,1.0,4.0,0
156000.0,0,0,0,0,0,0,0,0.0,440.0,6,4.0,3.0,171,0,0,1026,1,1.0,0.0,0
172500.0,0,0,0,1,0,0,0,894.0,440.0,6,3.0,3.0,0,0,0,1471,2,1.0,0.0,0
212000.0,0,0,0,0,0,1,0,0.0,578.0,8,4.0,4.0,144,0,0,1768,2,2.0,0.0,0
158900.0,0,0,0,0,0,0,0,328.0,440.0,6,3.0,3.0,335,0,0,1386,2,2.0,3.0,1
179400.0,0,0,0,1,0,0,0,360.0,440.0,7,3.0,3.0,0,0,0,1501,2,1.0,0.0,0
290000.0,0,0,1,0,0,0,0,513.0,752.0,8,4.0,4.0,222,0,0,2531,2,2.0,3.0,0
127500.0,0,0,0,0,0,0,0,0.0,300.0,6,3.0,3.0,0,0,0,864,1,1.0,0.0,0
100000.0,0,0,0,0,0,0,0,0.0,440.0,5,2.0,3.0,0,0,1,1301,1,1.0,0.0,0
215200.0,0,0,0,1,0,0,0,0.0,614.0,7,4.0,3.0,169,0,0,1547,2,1.0,0.0,0
337000.0,0,0,1,0,0,0,0,673.0,856.0,8,4.0,4.0,0,0,0,2365,2,1.0,4.0,0
270000.0,0,0,0,0,0,0,0,0.0,481.0,8,5.0,4.0,0,0,0,1494,1,2.0,4.0,1
264132.0,0,0,0,0,0,0,0,284.0,592.0,9,5.0,4.0,0,0,0,1506,2,2.0,4.0,0
196500.0,0,0,0,0,0,0,0,42.0,496.0,7,3.0,3.0,228,0,0,1714,2,1.0,3.0,0
160000.0,0,0,0,0,0,0,0,0.0,423.0,6,3.0,3.0,245,0,0,1750,2,2.0,0.0,0
216837.0,0,0,0,0,0,1,0,0.0,484.0,7,4.0,4.0,120,0,0,1836,2,1.0,4.0,0
538000.0,0,1,0,0,0,0,1,603.0,841.0,8,5.0,5.0,503,1,0,3279,3,3.0,4.0,1
134900.0,0,0,0,0,0,0,0,0.0,576.0,5,3.0,3.0,120,0,0,858,1,2.0,0.0,1
102000.0,0,0,0,0,0,0,0,0.0,396.0,4,3.0,3.0,0,0,0,1220,1,1.0,0.0,0
107000.0,0,0,0,0,0,0,0,0.0,672.0,6,3.0,3.0,144,0,0,1117,1,1.0,3.0,0
114500.0,0,0,0,0,0,0,0,1.0,275.0,5,3.0,3.0,0,0,0,912,1,1.0,0.0,0
395000.0,1,0,0,0,0,0,0,375.0,895.0,8,4.0,4.0,315,0,0,1973,2,1.0,4.0,0
162000.0,0,0,0,0,0,0,0,320.0,412.0,6,3.0,3.0,0,0,1,1204,2,1.0,0.0,0
221500.0,0,0,0,0,0,1,0,240.0,865.0,7,4.0,4.0,144,0,0,1614,2,2.0,0.0,0
142500.0,0,0,0,0,0,0,0,0.0,440.0,5,3.0,3.0,241,0,0,894,1,2.0,2.0,0
144000.0,0,0,0,0,0,0,0,320.0,630.0,5,3.0,3.0,0,0,0,2020,2,1.0,3.0,0
135000.0,0,0,0,0,0,0,0,90.0,504.0,6,3.0,3.0,0,0,0,1004,1,1.0,0.0,0
176000.0,0,0,0,0,0,0,0,38.0,402.0,7,3.0,3.0,220,0,0,1253,2,1.0,3.0,0
175900.0,0,0,0,0,0,0,0,0.0,484.0,6,4.0,4.0,0,0,0,1603,2,1.0,0.0,0
187100.0,0,0,0,0,0,1,0,0.0,605.0,7,4.0,4.0,0,0,0,1430,2,3.0,0.0,0
165500.0,0,0,0,0,0,0,0,104.0,602.0,5,4.0,3.0,303,0,0,1110,1,2.0,3.0,0
128000.0,0,0,0,0,0,0,0,0.0,0.0,6,3.0,3.0,0,0,0,1484,2,1.0,4.0,0
161500.0,0,0,0,0,0,0,0,0.0,457.0,6,3.0,3.0,0,0,0,1342,2,1.0,4.0,0
139000.0,0,0,0,0,0,0,0,0.0,416.0,5,3.0,3.0,0,0,0,1652,2,1.0,0.0,0
233000.0,0,0,0,0,0,0,0,0.0,618.0,7,4.0,4.0,0,0,0,2084,2,2.0,0.0,0
107900.0,0,0,0,0,0,0,0,0.0,281.0,4,3.0,3.0,0,0,0,901,1,1.0,0.0,0
187500.0,0,0,0,0,0,0,0,157.0,444.0,6,4.0,3.0,133,0,0,2087,2,2.0,0.0,0
160200.0,0,0,0,0,0,0,0,11.0,397.0,7,4.0,4.0,100,0,0,1145,2,1.0,4.0,0
146800.0,0,0,0,0,0,0,0,0.0,539.0,6,3.0,3.0,120,0,0,1062,1,2.0,3.0,0
269790.0,0,0,1,0,0,0,0,0.0,455.0,7,3.0,4.0,180,0,0,2013,2,2.0,3.0,1
225000.0,0,0,0,0,0,0,0,140.0,474.0,8,4.0,4.0,168,1,0,1496,2,1.0,0.0,0
194500.0,0,0,0,0,0,0,0,0.0,409.0,7,4.0,4.0,143,0,0,1895,2,2.0,3.0,0
171000.0,0,0,0,0,0,0,0,130.0,476.0,6,3.0,3.0,0,0,0,1564,2,1.0,3.0,0
143500.0,0,0,0,0,0,0,0,148.0,528.0,6,3.0,3.0,138,0,0,1285,1,1.0,3.0,0
110000.0,0,0,0,0,0,0,0,0.0,240.0,5,3.0,3.0,0,0,0,773,1,1.0,0.0,0
485000.0,1,0,0,0,0,0,0,860.0,820.0,9,5.0,5.0,144,0,0,3140,3,1.0,4.0,0
175000.0,0,0,0,0,0,0,0,252.0,240.0,5,4.0,3.0,0,0,0,1768,1,1.0,3.0,0
200000.0,0,1,0,0,0,0,0,0.0,603.0,6,4.0,3.0,403,0,0,1688,2,2.0,0.0,0
109900.0,0,0,0,0,0,0,0,0.0,440.0,4,3.0,3.0,0,0,0,1196,1,1.0,0.0,0
189000.0,0,0,0,0,0,1,0,0.0,410.0,7,4.0,4.0,36,0,0,1456,2,1.0,4.0,0
582933.0,1,0,0,0,0,0,0,424.0,1020.0,9,5.0,5.0,52,0,0,2822,3,1.0,4.0,0
118000.0,0,0,0,0,0,0,0,0.0,286.0,5,3.0,3.0,0,0,0,1128,1,1.0,0.0,0
227680.0,0,0,0,0,0,0,0,256.0,554.0,7,5.0,4.0,0,0,1,1428,2,2.0,0.0,0
135500.0,0,0,0,0,0,0,0,0.0,384.0,5,3.0,3.0,68,0,0,980,2,1.0,0.0,0
223500.0,0,0,0,0,0,0,0,0.0,528.0,5,4.0,3.0,0,0,0,1576,1,1.0,3.0,0
159950.0,0,0,0,0,0,0,0,1047.0,484.0,5,3.0,3.0,0,0,0,1086,1,1.0,4.0,0
106000.0,0,0,0,0,0,0,0,0.0,360.0,5,3.0,3.0,40,0,0,2138,2,1.0,0.0,0
181000.0,0,0,0,0,0,0,0,99.0,484.0,6,4.0,3.0,265,0,0,1309,1,1.0,2.0,0
144500.0,0,0,0,0,0,1,0,169.0,420.0,6,4.0,4.0,140,0,0,848,1,1.0,4.0,0
55993.0,0,0,0,0,0,0,0,0.0,504.0,5,2.0,2.0,0,0,0,1044,1,1.0,0.0,0
157900.0,0,0,0,0,0,0,0,243.0,301.0,6,3.0,3.0,0,0,0,1442,1,1.0,0.0,0
116000.0,0,0,0,0,0,0,0,0.0,280.0,5,2.0,3.0,207,0,0,1250,1,1.0,0.0,0
224900.0,0,0,0,0,0,1,0,442.0,598.0,7,4.0,3.0,0,0,0,1661,2,3.0,0.0,1
137000.0,0,0,0,0,0,0,0,0.0,275.0,5,3.0,3.0,0,0,0,1008,1,2.0,4.0,0
271000.0,0,0,0,0,0,0,0,148.0,857.0,8,4.0,4.0,150,1,0,1689,2,2.0,4.0,1
155000.0,0,0,0,0,0,0,0,80.0,440.0,6,3.0,3.0,0,0,0,1052,1,1.0,0.0,0
224000.0,1,0,0,0,0,0,0,128.0,484.0,7,4.0,4.0,192,0,0,1358,2,2.0,4.0,0
183000.0,0,0,0,0,0,1,0,0.0,595.0,7,4.0,4.0,0,0,0,1640,2,2.0,0.0,1
93000.0,0,0,0,0,0,0,0,0.0,576.0,4,3.0,2.0,0,0,0,936,1,1.0,0.0,0
225000.0,0,0,0,0,0,0,0,0.0,433.0,7,4.0,4.0,100,0,0,1733,2,2.0,4.0,0
139500.0,0,0,0,0,0,0,0,0.0,240.0,6,3.0,3.0,335,0,0,1489,2,1.0,4.0,0
232600.0,0,0,0,1,0,0,0,0.0,776.0,8,4.0,4.0,0,0,0,1489,2,1.0,4.0,0
385000.0,1,0,0,0,0,0,0,816.0,1220.0,10,5.0,5.0,188,1,0,2084,2,1.0,4.0,0
109500.0,0,0,0,0,0,0,0,0.0,0.0,5,4.0,3.0,0,0,0,784,1,1.0,0.0,0
189000.0,0,0,0,0,0,0,0,0.0,527.0,7,4.0,4.0,290,0,0,1434,2,2.0,3.0,0
185000.0,0,0,0,0,0,0,0,0.0,538.0,5,3.0,3.0,486,0,0,2126,2,3.0,0.0,1
147400.0,0,0,0,1,0,0,0,0.0,480.0,7,4.0,4.0,0,0,0,1223,2,1.0,0.0,0
166000.0,0,0,0,0,0,0,0,387.0,458.0,6,3.0,3.0,0,0,0,1392,1,2.0,4.0,0
151000.0,0,0,0,1,0,0,0,0.0,480.0,7,4.0,3.0,0,0,0,1200,2,1.0,0.0,0
237000.0,0,0,0,0,0,1,0,223.0,613.0,7,4.0,4.0,192,0,0,1829,2,2.0,3.0,1
167000.0,0,0,0,0,0,0,0,180.0,472.0,6,3.0,3.0,0,0,0,1516,1,1.0,0.0,0
139950.0,0,0,0,0,0,0,0,136.0,456.0,5,3.0,3.0,0,0,0,1144,1,1.0,0.0,0
128000.0,0,0,0,0,0,0,0,0.0,436.0,4,4.0,3.0,290,0,0,1067,2,1.0,0.0,0
153500.0,0,0,0,0,0,0,0,0.0,812.0,5,3.0,3.0,0,0,0,1559,1,1.0,0.0,0
100000.0,0,0,0,0,0,0,0,158.0,264.0,6,3.0,3.0,0,0,0,987,1,1.0,0.0,0
144000.0,0,0,0,0,0,1,0,0.0,352.0,5,4.0,3.0,278,0,0,1099,1,1.0,0.0,0
130500.0,0,0,0,0,0,0,0,0.0,240.0,5,3.0,3.0,0,0,0,1200,1,1.0,0.0,0
140000.0,0,0,0,0,0,0,0,0.0,400.0,6,2.0,3.0,0,0,0,1482,2,2.0,0.0,0
157500.0,0,0,0,0,0,0,0,0.0,686.0,5,4.0,3.0,70,0,0,1539,2,1.0,1.0,0
174900.0,0,0,0,0,0,0,0,183.0,490.0,6,3.0,3.0,0,0,0,1165,1,1.0,0.0,0
141000.0,0,0,0,0,0,0,0,0.0,0.0,5,3.0,3.0,0,0,0,1800,2,1.0,0.0,0
153900.0,0,0,0,0,0,0,0,0.0,720.0,5,3.0,3.0,418,0,0,1416,1,2.0,4.0,0
171000.0,0,0,0,0,0,0,0,0.0,611.0,5,3.0,3.0,0,0,0,1701,2,2.0,3.0,1
213000.0,0,0,0,0,0,0,0,137.0,425.0,7,4.0,4.0,234,0,0,1775,2,1.0,3.0,0
133500.0,0,0,0,0,0,1,0,0.0,338.0,5,3.0,3.0,0,0,0,864,1,2.0,2.0,1
240000.0,0,0,0,0,0,0,0,0.0,360.0,6,3.0,3.0,486,0,0,2358,3,3.0,4.0,0
187000.0,0,0,0,0,0,0,0,360.0,512.0,6,3.0,4.0,113,0,1,1855,2,1.0,3.0,0
131500.0,0,0,0,0,0,1,0,170.0,420.0,6,4.0,4.0,140,0,0,848,1,1.0,0.0,0
215000.0,0,0,0,0,0,0,0,40.0,400.0,8,4.0,4.0,143,0,0,1456,2,1.0,3.0,0
164000.0,0,0,0,0,0,0,0,0.0,240.0,7,3.0,3.0,0,0,0,1646,2,1.0,4.0,0
158000.0,0,0,0,0,0,0,0,115.0,645.0,6,3.0,3.0,180,0,0,1445,1,2.0,2.0,0
170000.0,0,0,0,0,0,0,0,0.0,454.0,5,3.0,3.0,0,0,0,1779,1,1.0,4.0,0
127000.0,0,0,0,0,0,0,0,0.0,260.0,5,3.0,3.0,0,0,0,1040,1,2.0,0.0,0
147000.0,0,0,0,0,0,1,0,0.0,576.0,6,3.0,3.0,0,0,0,1026,1,2.0,0.0,0
174000.0,0,0,0,0,0,0,0,0.0,343.0,6,3.0,3.0,0,0,0,1481,2,1.0,3.0,0
152000.0,0,0,0,0,0,0,0,189.0,479.0,7,3.0,3.0,0,0,0,1370,2,1.0,3.0,0
250000.0,0,0,0,0,0,0,0,220.0,619.0,6,4.0,3.0,0,0,0,2654,2,2.0,4.0,0
189950.0,0,0,0,0,0,0,0,0.0,216.0,7,4.0,4.0,0,0,0,1426,1,1.0,4.0,0
131500.0,0,0,0,0,0,0,0,0.0,504.0,5,3.0,3.0,0,0,0,1039,1,1.0,0.0,0
152000.0,0,0,0,0,0,0,0,0.0,480.0,6,3.0,3.0,0,0,0,1097,2,1.0,0.0,0
132500.0,0,0,0,0,0,0,0,0.0,672.0,5,3.0,3.0,0,0,0,1148,1,1.0,0.0,0
250580.0,0,0,0,1,0,0,0,0.0,529.0,7,4.0,4.0,0,0,0,1372,2,1.0,0.0,0
148500.0,0,0,0,0,0,0,0,76.0,902.0,5,3.0,3.0,0,0,0,1002,1,2.0,0.0,0
248900.0,0,1,0,0,1,0,0,274.0,870.0,8,4.0,4.0,192,0,0,1646,2,2.0,4.0,0
129000.0,0,0,0,0,0,0,0,0.0,544.0,4,2.0,3.0,168,0,0,1120,1,1.0,0.0,0
169000.0,0,0,0,0,0,0,0,0.0,672.0,5,3.0,3.0,120,0,0,2320,2,3.0,3.0,0
236000.0,0,0,0,0,0,0,0,246.0,574.0,7,4.0,4.0,156,0,0,1949,2,1.0,3.0,0
109500.0,0,0,0,0,0,0,0,0.0,308.0,5,3.0,3.0,0,0,0,894,1,1.0,0.0,0
200500.0,0,0,0,0,0,1,0,116.0,523.0,6,4.0,3.0,0,0,0,1682,2,1.0,0.0,0
116000.0,0,0,0,0,0,0,0,0.0,414.0,5,4.0,4.0,196,0,0,910,1,1.0,0.0,0
133000.0,0,0,0,0,0,0,0,0.0,288.0,5,3.0,4.0,0,0,0,1268,1,1.0,4.0,0
66500.0,0,0,0,0,0,0,0,0.0,200.0,5,3.0,3.0,26,0,0,1131,1,1.0,0.0,0
303477.0,0,0,0,1,0,0,0,0.0,550.0,8,5.0,4.0,208,1,0,2610,2,1.0,4.0,0
132250.0,0,1,0,0,0,0,0,0.0,648.0,4,3.0,3.0,0,0,0,1040,1,1.0,0.0,0
350000.0,1,0,0,0,0,0,0,216.0,738.0,9,5.0,4.0,184,0,0,2224,2,1.0,4.0,0
148000.0,0,0,0,0,0,0,0,0.0,576.0,5,4.0,3.0,192,0,0,1155,1,2.0,0.0,0
136500.0,0,0,0,0,0,1,0,90.0,336.0,5,3.0,4.0,0,0,0,864,1,2.0,0.0,1
157000.0,0,0,0,0,0,0,0,0.0,450.0,5,3.0,3.0,0,0,0,1090,1,1.0,0.0,0
187500.0,0,0,0,0,1,0,0,117.0,400.0,7,4.0,4.0,168,0,0,1717,2,2.0,3.0,1
178000.0,0,0,0,0,0,0,0,0.0,389.0,6,3.0,3.0,342,0,0,1593,2,2.0,3.0,0
118500.0,0,0,0,0,0,0,0,0.0,440.0,4,3.0,4.0,0,0,0,2230,1,1.0,0.0,0
100000.0,0,0,0,0,0,0,0,60.0,288.0,5,3.0,3.0,0,0,0,892,1,1.0,0.0,0
328900.0,0,0,0,1,0,0,0,60.0,506.0,9,4.0,4.0,97,0,0,1709,2,2.0,3.0,1
145000.0,0,0,0,0,0,0,0,122.0,588.0,5,3.0,3.0,272,0,0,1712,2,1.0,0.0,0
135500.0,0,0,0,0,0,0,0,0.0,300.0,5,3.0,3.0,121,0,0,1393,1,2.0,0.0,0
268000.0,0,0,0,0,0,0,0,0.0,621.0,8,4.0,4.0,81,0,0,2217,2,2.0,3.0,0
149500.0,0,0,0,0,0,0,0,90.0,505.0,6,3.0,3.0,0,0,0,1505,1,1.0,3.0,0
122900.0,0,0,0,0,0,0,0,0.0,576.0,5,3.0,3.0,0,0,0,924,1,1.0,1.0,0
172500.0,0,0,0,0,0,0,0,92.0,440.0,6,3.0,3.0,243,0,0,1683,2,1.0,3.0,0
154500.0,0,0,0,0,0,0,0,0.0,264.0,6,3.0,3.0,192,0,0,1068,1,1.0,0.0,0
165000.0,0,0,0,0,0,0,0,0.0,354.0,5,3.0,3.0,511,0,0,1383,1,1.0,4.0,0
118858.0,0,0,0,0,0,0,0,0.0,400.0,5,3.0,3.0,0,0,0,1535,2,1.0,0.0,0
140000.0,0,0,0,0,0,0,0,415.0,483.0,6,3.0,3.0,0,0,0,1796,1,1.0,3.0,0
106500.0,0,0,0,0,0,0,0,0.0,327.0,4,3.0,3.0,0,0,0,951,1,1.0,0.0,0
142953.0,0,0,0,0,0,0,0,0.0,528.0,5,3.0,3.0,154,0,0,2240,2,1.0,0.0,0
611657.0,1,0,0,0,0,0,0,760.0,820.0,9,5.0,5.0,0,0,0,2364,2,2.0,4.0,0
135000.0,0,0,0,0,0,0,0,0.0,288.0,5,3.0,3.0,0,0,0,1236,1,1.0,3.0,0
110000.0,0,0,0,0,0,0,0,0.0,684.0,4,3.0,3.0,0,0,0,858,1,2.0,0.0,0
153000.0,0,0,0,0,0,0,0,0.0,756.0,5,3.0,3.0,0,0,0,1306,1,2.0,0.0,0
180000.0,0,0,0,0,0,0,0,0.0,393.0,7,4.0,4.0,0,0,0,1509,2,1.0,4.0,0
240000.0,0,1,0,0,0,0,0,27.0,690.0,7,4.0,4.0,144,0,0,1670,2,2.0,4.0,1
125500.0,0,0,0,0,0,0,0,75.0,288.0,5,3.0,3.0,0,0,0,902,1,2.0,0.0,0
128000.0,0,0,0,0,0,0,0,110.0,280.0,5,3.0,3.0,0,0,0,1063,1,1.0,0.0,0
255000.0,0,0,0,0,0,0,0,208.0,865.0,8,4.0,4.0,0,0,0,1636,2,2.0,4.0,0
250000.0,0,0,0,0,0,0,0,0.0,180.0,7,4.0,4.0,0,0,0,2057,1,2.0,4.0,0
131000.0,0,0,0,0,0,0,0,0.0,484.0,5,3.0,3.0,164,0,0,902,1,2.0,0.0,0
174000.0,0,0,0,0,0,0,0,0.0,390.0,6,4.0,4.0,36,0,0,1484,2,3.0,4.0,0
154300.0,0,0,0,0,0,0,0,361.0,480.0,5,3.0,3.0,0,0,0,2274,2,1.0,0.0,0
143500.0,0,0,0,0,0,1,0,0.0,252.0,5,4.0,3.0,173,0,0,1268,1,2.0,0.0,1
88000.0,0,0,0,0,0,0,0,0.0,450.0,5,3.0,3.0,0,0,0,1015,1,1.0,0.0,0
145000.0,0,1,0,0,0,0,0,0.0,871.0,5,3.0,3.0,0,0,0,2002,2,1.0,0.0,0
173733.0,0,0,0,1,0,0,0,76.0,528.0,6,4.0,4.0,0,0,0,1224,2,1.0,0.0,0
75000.0,0,0,0,0,0,0,0,80.0,286.0,4,3.0,3.0,0,1,0,1092,1,1.0,0.0,0
35311.0,0,0,0,0,0,0,0,0.0,308.0,2,3.0,3.0,0,0,0,480,0,1.0,0.0,0
135000.0,0,0,0,0,0,0,0,0.0,284.0,4,3.0,3.0,0,0,0,1229,1,1.0,0.0,0
238000.0,0,0,0,0,0,0,0,0.0,833.0,7,4.0,4.0,72,0,0,2127,2,2.0,3.0,0
176500.0,0,0,0,0,0,0,0,0.0,601.0,6,3.0,5.0,0,0,0,1414,1,2.0,3.0,0
201000.0,0,0,0,0,0,0,0,105.0,471.0,6,4.0,4.0,300,0,0,1721,2,2.0,0.0,0
145900.0,0,0,0,0,0,0,0,0.0,0.0,5,3.0,3.0,0,0,0,2200,2,1.0,0.0,0
169990.0,0,0,0,0,0,0,0,0.0,397.0,6,4.0,4.0,100,0,0,1316,2,1.0,4.0,0
193000.0,0,0,0,0,0,0,0,0.0,533.0,6,4.0,4.0,0,0,0,1617,2,1.0,2.0,0
207500.0,0,0,0,0,0,0,0,157.0,612.0,6,3.0,3.0,384,0,0,1686,2,1.0,3.0,0
175000.0,0,0,0,0,0,0,0,0.0,540.0,5,5.0,3.0,180,0,0,1126,2,2.0,0.0,0
285000.0,1,0,0,0,0,0,0,340.0,656.0,8,5.0,4.0,104,0,0,2374,2,1.0,4.0,0
176000.0,0,0,0,0,0,0,0,342.0,486.0,7,3.0,3.0,0,0,0,1978,2,1.0,4.0,0
236500.0,0,0,0,0,0,1,0,0.0,522.0,8,5.0,4.0,202,0,0,1788,2,1.0,3.0,0
222000.0,0,0,0,0,0,0,0,285.0,642.0,7,4.0,3.0,0,0,0,2236,2,2.0,3.0,0
201000.0,0,1,0,0,1,0,0,0.0,610.0,8,4.0,4.0,100,0,0,1466,2,2.0,0.0,0
117500.0,0,0,0,0,0,0,0,0.0,429.0,5,3.0,3.0,0,0,0,925,1,1.0,0.0,0
320000.0,0,0,0,0,0,0,0,302.0,788.0,9,5.0,5.0,0,0,0,1905,2,2.0,4.0,0
190000.0,0,0,0,0,0,1,0,210.0,570.0,7,4.0,4.0,192,0,1,1500,2,1.0,0.0,0
242000.0,0,1,0,0,0,0,0,0.0,505.0,7,4.0,3.0,0,0,0,2069,2,3.0,4.0,0
79900.0,0,0,0,0,0,0,0,108.0,528.0,4,3.0,3.0,0,0,0,747,1,2.0,0.0,0
184900.0,0,0,0,0,0,0,0,0.0,555.0,7,4.0,4.0,0,0,0,1200,2,1.0,0.0,0
253000.0,0,0,0,0,0,0,0,0.0,689.0,7,4.0,4.0,0,0,0,1971,2,1.0,4.0,0
239799.0,0,0,0,0,0,1,0,0.0,868.0,7,4.0,4.0,0,0,0,1962,2,1.0,0.0,0
244400.0,0,0,0,0,0,0,0,0.0,349.0,7,3.0,3.0,56,0,0,2403,2,1.0,3.0,0
150900.0,0,0,0,0,0,0,0,0.0,574.0,6,3.0,3.0,40,0,0,1728,2,2.0,0.0,0
214000.0,0,0,0,0,0,0,0,298.0,390.0,7,4.0,4.0,0,0,1,2060,2,2.0,3.0,0
150000.0,0,0,0,0,0,0,0,0.0,0.0,4,3.0,3.0,321,0,0,1440,2,2.0,0.0,0
143000.0,0,0,0,0,0,0,0,0.0,576.0,5,3.0,3.0,0,0,0,1632,2,1.0,0.0,0
137500.0,0,0,0,0,1,0,0,541.0,525.0,6,4.0,3.0,0,0,0,1344,1,2.0,4.0,1
124900.0,0,0,0,0,0,0,0,0.0,456.0,5,3.0,3.0,48,0,0,1869,1,1.0,0.0,0
143000.0,0,0,0,0,0,0,0,128.0,796.0,5,3.0,3.0,86,0,0,1144,1,1.0,3.0,0
270000.0,0,0,0,0,1,0,0,236.0,808.0,8,4.0,4.0,0,0,0,1629,2,1.0,4.0,0
192500.0,0,0,0,0,0,1,0,144.0,474.0,7,4.0,4.0,144,0,0,1776,2,2.0,3.0,0
197500.0,0,0,0,0,0,0,0,0.0,676.0,6,4.0,3.0,0,0,0,1381,1,1.0,3.0,0
129000.0,0,0,0,0,0,0,0,0.0,720.0,5,4.0,3.0,194,0,0,864,1,1.0,0.0,0
119900.0,0,0,0,0,0,0,0,0.0,300.0,5,3.0,3.0,421,0,0,965,1,1.0,0.0,0
133900.0,0,0,0,0,0,1,0,0.0,396.0,5,3.0,3.0,192,0,0,768,1,1.0,0.0,0
172000.0,0,0,0,0,0,0,0,232.0,530.0,5,3.0,3.0,305,0,0,1968,2,2.0,1.0,0
127500.0,0,0,0,0,0,0,0,250.0,0.0,6,3.0,3.0,0,0,0,980,2,2.0,0.0,1
145000.0,0,1,0,0,0,0,0,423.0,492.0,6,3.0,3.0,0,0,0,1958,2,2.0,0.0,0
124000.0,0,0,0,0,0,0,0,0.0,462.0,6,3.0,3.0,150,0,0,1229,1,1.0,3.0,0
132000.0,0,0,0,0,0,0,0,0.0,576.0,5,3.0,3.0,0,0,0,1057,1,1.0,0.0,0
185000.0,0,0,0,0,0,1,0,0.0,531.0,7,4.0,4.0,0,0,0,1337,2,1.0,0.0,0
155000.0,0,0,0,1,0,0,0,0.0,484.0,7,4.0,4.0,0,0,1,1416,2,1.0,0.0,0
116500.0,0,0,0,0,0,0,0,0.0,0.0,5,3.0,3.0,117,0,0,858,1,2.0,0.0,0
272000.0,0,0,0,0,0,0,0,424.0,619.0,6,3.0,3.0,550,0,0,2872,2,2.0,3.0,0
155000.0,0,0,0,0,0,0,0,0.0,440.0,6,4.0,3.0,48,0,0,1548,2,1.0,3.0,0
239000.0,0,0,0,0,0,1,0,0.0,702.0,9,5.0,4.0,288,0,0,1800,2,2.0,0.0,0
214900.0,0,0,0,0,1,0,0,44.0,510.0,7,4.0,4.0,0,0,0,1894,2,1.0,4.0,0
178900.0,0,0,0,0,0,0,0,0.0,393.0,6,4.0,4.0,0,0,0,1484,2,1.0,4.0,0
160000.0,0,1,0,0,0,0,0,0.0,256.0,5,3.0,4.0,0,0,0,1308,1,2.0,3.0,0
135000.0,0,0,0,0,0,0,0,151.0,260.0,5,3.0,3.0,0,0,0,1098,1,2.0,0.0,0
37900.0,0,0,0,0,0,0,0,0.0,0.0,3,3.0,3.0,0,0,0,968,1,1.0,0.0,0
140000.0,0,0,0,0,0,0,0,105.0,264.0,6,3.0,3.0,0,0,0,1095,1,1.0,0.0,0
135000.0,0,0,0,0,0,0,0,0.0,0.0,4,3.0,3.0,0,0,0,1192,1,1.0,0.0,0
173000.0,1,0,0,0,0,0,0,106.0,474.0,7,4.0,4.0,0,0,0,1626,2,1.0,0.0,0
99500.0,0,0,0,0,0,0,0,0.0,264.0,6,3.0,3.0,28,0,0,918,2,1.0,3.0,0
182000.0,0,0,0,1,0,0,0,0.0,480.0,7,4.0,4.0,0,1,0,1428,2,1.0,0.0,0
167500.0,0,0,0,0,0,0,0,0.0,532.0,7,4.0,3.0,509,0,0,2019,1,2.0,0.0,0
165000.0,0,0,0,1,0,0,0,0.0,490.0,7,4.0,4.0,153,0,1,1382,2,1.0,0.0,0
85500.0,0,0,0,0,0,0,0,0.0,0.0,4,2.0,3.0,0,0,0,869,1,2.0,0.0,0
199900.0,0,0,0,1,0,0,0,0.0,569.0,7,4.0,4.0,0,0,0,1241,1,2.0,0.0,0
110000.0,0,0,0,0,0,0,0,0.0,400.0,4,3.0,3.0,0,0,0,894,1,1.0,0.0,0
139000.0,0,0,0,0,0,0,0,0.0,480.0,5,3.0,3.0,0,0,0,1121,1,1.0,0.0,0
178400.0,0,0,0,0,0,0,0,210.0,588.0,7,5.0,5.0,144,1,0,999,1,2.0,0.0,0
336000.0,0,0,1,0,0,0,0,975.0,676.0,8,4.0,4.0,250,0,0,2612,2,2.0,3.0,0
159895.0,0,0,0,0,0,0,0,16.0,388.0,7,4.0,4.0,100,0,0,1266,2,1.0,4.0,0
255900.0,0,0,0,0,0,1,0,0.0,779.0,8,4.0,4.0,0,1,0,2290,2,1.0,4.0,0
126000.0,0,0,0,0,0,0,0,0.0,539.0,5,4.0,3.0,0,0,0,1734,2,1.0,0.0,0
125000.0,0,0,0,0,0,0,0,0.0,240.0,5,3.0,3.0,0,0,0,1164,1,1.0,0.0,0
117000.0,0,0,0,0,0,0,0,0.0,255.0,6,4.0,3.0,394,0,0,1635,1,1.0,0.0,0
395192.0,1,0,0,0,0,0,0,450.0,606.0,9,5.0,5.0,168,0,0,1940,2,2.0,4.0,0
195000.0,0,0,0,0,0,0,0,298.0,551.0,6,4.0,3.0,0,0,0,2030,2,2.0,3.0,0
197000.0,0,0,0,1,0,0,0,0.0,614.0,7,4.0,4.0,0,0,0,1576,2,1.0,0.0,0
348000.0,0,0,1,0,0,0,0,423.0,870.0,8,4.0,4.0,0,0,0,2392,2,1.0,3.0,0
168000.0,0,0,0,0,0,0,0,0.0,424.0,8,4.0,4.0,0,0,0,1742,1,1.0,4.0,0
187000.0,0,0,0,0,0,0,0,340.0,440.0,6,4.0,3.0,239,0,0,1851,2,1.0,2.0,0
173900.0,0,0,0,0,0,1,0,0.0,564.0,6,4.0,3.0,0,0,0,1500,2,1.0,0.0,0
337500.0,1,0,0,0,0,0,0,230.0,786.0,10,5.0,5.0,216,1,1,1718,2,1.0,4.0,0
121600.0,0,0,0,0,0,0,0,0.0,305.0,4,3.0,3.0,0,0,0,1230,1,2.0,0.0,0
136500.0,0,0,0,0,0,0,0,0.0,368.0,5,3.0,3.0,0,0,0,1050,1,2.0,0.0,0
185000.0,0,0,0,0,0,0,0,571.0,615.0,6,3.0,3.0,371,0,0,1442,2,2.0,3.0,0
91000.0,0,0,0,0,0,0,0,0.0,210.0,3,3.0,3.0,0,0,0,1077,1,1.0,4.0,0
206000.0,0,0,0,0,0,1,0,24.0,632.0,7,4.0,4.0,105,0,0,1208,2,1.0,0.0,0
82000.0,0,0,0,0,0,0,0,0.0,528.0,3,2.0,3.0,0,0,0,944,1,1.0,0.0,0
86000.0,0,0,0,0,0,0,0,0.0,216.0,5,5.0,3.0,0,0,0,691,1,1.0,0.0,0
232000.0,0,0,0,0,0,0,0,53.0,824.0,8,4.0,4.0,144,0,0,1574,2,2.0,4.0,0
136905.0,0,0,0,0,0,0,0,164.0,528.0,5,3.0,3.0,0,0,0,1680,2,2.0,0.0,0
181000.0,0,0,0,0,0,0,0,16.0,457.0,7,4.0,4.0,156,0,0,1504,2,1.0,4.0,0
149900.0,0,0,0,0,0,1,0,220.0,328.0,5,3.0,4.0,210,0,0,985,2,1.0,0.0,0
163500.0,0,0,0,0,0,0,0,0.0,484.0,6,3.0,3.0,0,0,0,1657,2,4.0,3.0,0
88000.0,0,0,0,0,0,0,0,0.0,286.0,4,3.0,3.0,238,1,0,1092,1,1.0,0.0,0
240000.0,0,0,0,0,0,0,0,108.0,550.0,7,4.0,4.0,100,0,0,1710,2,2.0,4.0,1
102000.0,0,0,0,0,0,0,0,0.0,0.0,5,3.0,3.0,0,0,0,1522,2,1.0,0.0,0
135000.0,0,0,0,0,0,0,0,0.0,312.0,5,3.0,3.0,0,0,0,1271,2,1.0,4.0,0
100000.0,0,0,0,0,0,0,0,0.0,0.0,5,3.0,3.0,0,0,0,1664,2,1.0,0.0,0
165000.0,0,0,0,0,0,0,0,0.0,180.0,6,4.0,3.0,96,0,0,1502,1,1.0,3.0,0
85000.0,0,0,0,0,0,0,0,0.0,280.0,5,3.0,3.0,0,0,0,1022,1,1.0,0.0,0
119200.0,0,0,0,0,0,0,0,206.0,240.0,6,3.0,3.0,0,0,0,1082,1,1.0,4.0,0
227000.0,0,0,0,0,0,0,0,0.0,528.0,8,4.0,4.0,0,0,0,1665,2,1.0,0.0,0
203000.0,0,0,0,0,0,1,0,196.0,478.0,7,4.0,4.0,115,0,0,1504,2,1.0,3.0,0
187500.0,0,0,0,0,0,0,1,0.0,565.0,8,4.0,4.0,63,0,0,1360,1,2.0,5.0,1
160000.0,0,0,0,0,0,0,0,76.0,402.0,7,4.0,4.0,164,0,1,1472,2,2.0,3.0,0
213490.0,0,0,0,0,0,0,0,145.0,440.0,7,4.0,4.0,142,0,0,1506,2,1.0,4.0,0
176000.0,0,0,0,0,0,0,0,0.0,451.0,4,4.0,3.0,252,0,0,1132,1,1.0,0.0,0
194000.0,0,0,0,0,0,1,0,84.0,632.0,7,4.0,4.0,105,0,0,1220,2,1.0,0.0,0
87000.0,0,0,0,0,0,0,0,0.0,160.0,5,3.0,3.0,0,0,0,1248,1,1.0,0.0,0
191000.0,0,0,0,0,0,0,0,14.0,437.0,7,4.0,4.0,156,0,0,1504,2,1.0,4.0,0
287000.0,0,0,0,0,1,0,0,0.0,665.0,8,4.0,4.0,0,0,0,2898,2,2.0,4.0,0
112500.0,0,0,0,0,0,1,0,0.0,461.0,5,3.0,3.0,96,0,0,882,1,1.0,0.0,0
167500.0,0,0,0,0,0,0,0,324.0,461.0,5,3.0,3.0,0,0,0,1264,1,1.0,4.0,0
293077.0,0,1,0,0,1,0,0,338.0,800.0,8,4.0,4.0,192,0,0,1646,2,2.0,4.0,0
105000.0,0,0,0,0,0,0,0,0.0,240.0,5,3.0,3.0,0,0,0,1376,1,1.0,4.0,0
118000.0,0,0,0,0,0,0,0,281.0,264.0,6,3.0,3.0,0,0,0,1218,1,1.0,0.0,0
160000.0,0,0,0,0,0,0,0,0.0,0.0,5,3.0,3.0,0,0,0,1928,2,1.0,0.0,0
197000.0,0,0,0,0,0,0,0,0.0,672.0,7,3.0,3.0,136,0,0,3082,2,1.0,3.0,0
310000.0,0,0,1,0,0,0,0,0.0,796.0,8,4.0,4.0,209,0,0,2520,2,2.0,3.0,0
230000.0,0,0,0,0,0,1,0,295.0,900.0,7,4.0,4.0,0,0,0,1654,2,1.0,0.0,0
119750.0,0,0,0,0,0,0,0,0.0,240.0,5,2.0,3.0,0,0,0,954,1,1.0,4.0,0
84000.0,0,0,0,0,0,0,0,0.0,290.0,4,3.0,3.0,186,0,0,845,1,2.0,0.0,1
315500.0,0,1,0,0,1,0,0,70.0,912.0,9,5.0,4.0,228,0,0,1620,2,2.0,5.0,0
287000.0,0,0,0,0,0,1,0,396.0,905.0,8,4.0,4.0,0,0,0,2263,2,1.0,3.0,0
97000.0,0,0,0,0,0,0,0,0.0,0.0,4,3.0,3.0,0,1,0,1344,1,1.0,3.0,0
80000.0,0,0,0,0,0,0,0,0.0,286.0,4,3.0,3.0,0,1,0,630,1,1.0,0.0,0
155000.0,0,0,0,0,0,0,0,67.0,484.0,5,3.0,3.0,0,0,0,1803,2,1.0,3.0,0
173000.0,0,0,0,0,0,0,0,252.0,484.0,6,4.0,3.0,0,0,0,1632,1,1.0,0.0,0
196000.0,1,0,0,0,0,0,0,135.0,624.0,6,4.0,4.0,170,0,0,1306,2,2.0,4.0,0
262280.0,0,0,0,0,0,0,0,99.0,514.0,7,4.0,3.0,192,0,0,2329,2,1.0,5.0,0
278000.0,0,0,0,0,0,0,0,0.0,542.0,8,4.0,4.0,474,0,0,2524,2,1.0,4.0,0
139600.0,0,0,0,0,0,0,0,0.0,452.0,3,3.0,3.0,0,0,0,1733,2,2.0,4.0,1
556581.0,0,0,0,0,0,0,1,208.0,716.0,9,5.0,4.0,214,1,0,2868,3,2.0,4.0,0
145000.0,0,0,0,0,0,1,0,0.0,672.0,5,3.0,3.0,0,0,0,990,1,3.0,0.0,0
115000.0,0,0,0,0,0,0,0,75.0,336.0,5,3.0,3.0,0,0,0,1771,1,1.0,3.0,0
84900.0,0,0,0,0,0,0,0,0.0,308.0,4,4.0,3.0,0,0,0,930,1,1.0,0.0,0
176485.0,0,0,0,0,0,0,0,0.0,436.0,7,4.0,4.0,0,0,0,1302,2,2.0,0.0,0
200141.0,0,0,0,0,0,1,0,0.0,440.0,7,4.0,4.0,0,0,0,1316,2,2.0,4.0,0
165000.0,0,0,0,0,0,0,0,272.0,540.0,6,3.0,3.0,0,0,0,1977,1,1.0,3.0,0
144500.0,0,0,0,0,0,0,0,145.0,364.0,5,3.0,3.0,116,0,0,1526,1,1.0,4.0,0
255000.0,0,0,0,0,0,1,0,210.0,586.0,8,4.0,4.0,199,0,0,1989,2,1.0,4.0,0
180000.0,0,0,0,0,0,0,0,160.0,478.0,6,3.0,3.0,0,0,0,1523,2,1.0,3.0,0
185850.0,1,0,0,0,0,0,0,240.0,484.0,7,4.0,4.0,192,0,0,1364,2,2.0,4.0,0
248000.0,0,0,1,0,0,0,0,0.0,467.0,7,4.0,4.0,168,0,1,1850,2,3.0,4.0,0
335000.0,1,0,0,0,0,0,0,154.0,836.0,9,5.0,5.0,0,0,0,2184,2,2.0,4.0,0
220000.0,0,1,0,0,0,0,0,480.0,432.0,6,3.0,3.0,0,0,0,1991,1,2.0,4.0,0
213500.0,0,0,0,0,0,0,1,0.0,582.0,8,4.0,4.0,0,1,0,1338,2,1.0,0.0,0
81000.0,0,0,0,0,0,0,0,0.0,1248.0,3,3.0,2.0,0,0,0,894,1,1.0,0.0,0
90000.0,0,0,0,0,0,0,0,0.0,560.0,5,3.0,3.0,0,0,0,2337,2,1.0,0.0,0
110500.0,0,0,0,0,0,0,0,0.0,440.0,6,4.0,3.0,166,0,0,1103,1,1.0,4.0,0
154000.0,0,0,0,0,0,0,0,200.0,480.0,5,3.0,3.0,0,0,0,1154,1,2.0,1.0,1
328000.0,0,0,0,0,0,0,0,0.0,533.0,7,4.0,4.0,296,0,0,2260,2,1.0,0.0,0
178000.0,0,0,0,0,0,0,0,0.0,380.0,6,3.0,4.0,0,0,0,1571,2,2.0,3.0,0
167900.0,0,0,0,0,0,0,0,360.0,442.0,6,3.0,3.0,328,0,0,1611,1,1.0,0.0,0
151400.0,0,0,0,0,0,0,0,0.0,576.0,6,3.0,3.0,728,1,0,2521,2,1.0,4.0,0
135000.0,0,0,0,0,0,0,0,0.0,576.0,5,4.0,3.0,0,0,0,893,1,1.0,0.0,0
135000.0,0,0,0,0,0,0,0,120.0,286.0,5,3.0,3.0,0,0,0,1048,1,1.0,0.0,0
154000.0,0,0,0,0,0,0,0,0.0,441.0,6,3.0,3.0,0,0,0,1556,1,1.0,0.0,0
91500.0,0,0,0,0,0,0,0,0.0,280.0,5,3.0,3.0,0,0,0,1456,1,1.0,3.0,0
159500.0,0,0,0,0,0,0,0,140.0,440.0,6,3.0,3.0,252,0,0,1426,1,2.0,0.0,0
194000.0,0,0,0,0,0,1,0,0.0,826.0,7,4.0,4.0,140,0,0,1240,2,1.0,0.0,0
219500.0,0,0,0,0,0,0,0,0.0,240.0,7,3.0,3.0,0,0,0,1740,1,1.0,4.0,0
170000.0,0,0,0,0,0,0,0,0.0,566.0,5,4.0,3.0,436,0,0,1466,2,1.0,3.0,0
138800.0,0,0,0,0,0,0,0,0.0,299.0,5,3.0,3.0,240,0,0,1096,1,2.0,0.0,0
155900.0,0,0,0,0,0,1,0,169.0,420.0,6,4.0,4.0,140,0,0,848,1,1.0,4.0,0
126000.0,0,0,0,0,0,1,0,0.0,299.0,5,3.0,3.0,0,0,0,990,1,1.0,0.0,0
145000.0,0,0,0,0,0,0,0,144.0,528.0,6,4.0,4.0,55,0,0,1258,2,1.0,0.0,0
133000.0,0,0,0,0,0,0,0,0.0,308.0,5,3.0,3.0,0,0,0,1040,1,1.0,0.0,0
192000.0,0,0,0,0,0,1,0,100.0,527.0,7,4.0,4.0,192,0,0,1459,2,1.0,4.0,0
160000.0,0,0,0,0,0,0,0,425.0,461.0,6,3.0,3.0,0,0,0,1251,1,1.0,4.0,0
187500.0,0,0,0,0,0,0,0,0.0,409.0,6,3.0,3.0,315,0,0,1498,2,3.0,3.0,0
147000.0,0,0,0,0,0,0,0,0.0,564.0,6,4.0,3.0,120,0,0,996,1,1.0,0.0,0
83500.0,0,0,0,0,0,0,0,0.0,286.0,4,3.0,3.0,120,1,0,1092,1,1.0,0.0,0
252000.0,0,0,0,1,0,0,0,0.0,1043.0,8,4.0,4.0,160,0,0,1953,2,1.0,4.0,0
137500.0,0,0,0,0,0,0,0,50.0,380.0,7,4.0,4.0,0,0,0,1709,2,1.0,0.0,0
197000.0,0,0,0,1,0,0,0,0.0,550.0,8,4.0,4.0,0,0,0,1247,1,2.0,4.0,0
92900.0,0,0,0,0,0,0,0,0.0,400.0,3,3.0,3.0,0,0,0,1040,2,1.0,0.0,0
160000.0,0,0,0,1,0,0,0,212.0,462.0,7,4.0,4.0,0,0,0,1252,2,1.0,0.0,0
136500.0,0,0,0,0,0,0,0,0.0,576.0,6,3.0,3.0,342,0,0,1694,2,1.0,4.0,0
146000.0,0,0,0,0,0,0,0,166.0,884.0,5,4.0,3.0,0,0,0,1200,1,1.0,0.0,0
129000.0,0,0,0,0,0,0,0,0.0,308.0,5,3.0,3.0,0,0,0,936,1,1.0,0.0,0
176432.0,0,0,0,0,0,1,0,0.0,440.0,6,4.0,4.0,0,0,0,1314,2,2.0,4.0,0
127000.0,0,0,0,0,0,0,0,0.0,0.0,6,4.0,3.0,136,0,0,1355,1,1.0,0.0,0
170000.0,0,0,0,0,0,0,1,0.0,461.0,8,4.0,4.0,0,0,0,1088,1,1.0,0.0,0
128000.0,0,0,0,0,0,0,0,0.0,240.0,4,3.0,3.0,0,0,0,1324,1,1.0,0.0,0
157000.0,0,0,0,0,0,0,0,206.0,478.0,7,3.0,3.0,0,0,0,1601,2,2.0,3.0,0
60000.0,0,0,0,0,0,0,0,0.0,246.0,2,2.0,3.0,0,0,0,438,1,1.0,0.0,0
119500.0,0,0,0,0,0,0,0,0.0,280.0,5,3.0,3.0,0,0,0,950,1,2.0,0.0,0
135000.0,0,0,0,0,0,0,0,45.0,254.0,5,3.0,3.0,0,0,0,1134,1,1.0,0.0,0
159500.0,0,0,0,0,0,0,0,0.0,539.0,6,3.0,3.0,0,0,0,1194,1,1.0,2.0,0
106000.0,0,0,0,0,0,0,0,304.0,440.0,5,3.0,3.0,0,0,0,1302,2,1.0,0.0,0
325000.0,0,0,1,0,0,0,0,362.0,712.0,8,4.0,4.0,186,0,0,2622,2,2.0,3.0,0
179900.0,0,0,0,0,0,0,0,0.0,719.0,7,4.0,4.0,0,0,0,1442,2,2.0,3.0,0
274725.0,0,1,0,0,0,0,0,0.0,422.0,7,4.0,4.0,0,0,0,2021,2,4.0,4.0,1
181000.0,0,0,0,0,0,0,0,0.0,463.0,6,3.0,3.0,100,0,0,1690,2,1.0,3.0,0
280000.0,1,0,0,0,0,0,0,42.0,862.0,8,4.0,4.0,125,0,0,1836,2,2.0,4.0,0
188000.0,0,0,0,0,0,0,0,0.0,431.0,6,3.0,3.0,224,0,0,1658,2,1.0,3.0,0
205000.0,0,0,0,0,0,0,0,660.0,483.0,7,3.0,3.0,0,0,0,1964,2,1.0,4.0,0
129900.0,0,0,0,0,0,0,0,0.0,308.0,5,3.0,3.0,0,0,0,816,1,2.0,0.0,0
134500.0,0,0,0,0,0,0,0,0.0,240.0,5,4.0,3.0,0,0,0,1008,1,1.0,0.0,0
117000.0,0,0,0,0,0,0,0,0.0,326.0,5,4.0,3.0,0,0,0,833,1,1.0,0.0,0
318000.0,1,0,0,0,0,0,0,328.0,928.0,8,5.0,4.0,0,0,0,1734,2,1.0,4.0,0
184100.0,0,0,0,0,0,0,0,0.0,527.0,8,4.0,4.0,120,0,0,1419,2,1.0,3.0,0
130000.0,0,0,0,0,0,0,0,0.0,450.0,5,4.0,3.0,0,0,1,894,1,2.0,0.0,0
140000.0,0,0,0,0,0,0,0,0.0,300.0,5,3.0,3.0,280,0,0,1601,1,1.0,0.0,0
133700.0,0,0,0,0,0,0,0,0.0,286.0,5,3.0,3.0,140,0,0,1040,1,1.0,0.0,0
118400.0,0,0,0,0,0,0,0,0.0,308.0,6,3.0,3.0,0,0,0,1012,1,1.0,4.0,0
212900.0,0,0,0,0,0,1,0,196.0,782.0,7,4.0,4.0,144,0,0,1552,2,1.0,0.0,0
112000.0,0,0,0,0,0,0,0,0.0,288.0,4,3.0,3.0,64,0,0,960,1,2.0,0.0,0
118000.0,0,0,0,0,0,0,0,0.0,0.0,5,3.0,3.0,0,0,0,698,1,1.0,0.0,0
163900.0,0,0,0,0,0,0,0,170.0,392.0,7,4.0,3.0,100,0,0,1482,2,2.0,3.0,0
115000.0,0,0,0,0,0,0,0,0.0,672.0,4,2.0,3.0,0,0,0,1005,1,1.0,3.0,0
174000.0,0,0,0,0,0,0,0,130.0,660.0,7,4.0,4.0,143,0,0,1555,2,1.0,3.0,0
259000.0,0,0,0,0,0,0,0,0.0,630.0,7,4.0,4.0,144,0,0,1530,2,4.0,4.0,0
215000.0,0,0,0,0,0,0,0,0.0,434.0,7,4.0,4.0,100,0,0,1959,2,2.0,4.0,0
140000.0,0,0,0,0,0,0,0,180.0,672.0,5,3.0,3.0,49,0,0,936,1,1.0,0.0,0
135000.0,0,0,0,0,0,0,0,0.0,576.0,4,4.0,3.0,431,0,0,1981,2,1.0,3.0,0
93500.0,0,0,0,0,0,0,0,0.0,0.0,5,3.0,3.0,0,0,0,974,1,1.0,0.0,0
117500.0,0,0,0,0,0,0,0,0.0,205.0,6,2.0,3.0,0,0,0,2210,2,1.0,0.0,0
239500.0,0,0,0,0,0,0,0,0.0,466.0,8,4.0,4.0,0,0,0,2020,2,2.0,3.0,0
169000.0,0,1,0,0,0,0,0,0.0,460.0,6,3.0,3.0,100,0,0,1600,2,2.0,3.0,0
102000.0,0,0,0,0,0,0,0,0.0,180.0,6,3.0,3.0,0,0,0,986,1,1.0,4.0,0
119000.0,0,0,0,0,0,0,0,0.0,288.0,6,3.0,3.0,0,0,0,1252,1,1.0,0.0,0
94000.0,0,0,0,0,0,0,0,0.0,0.0,5,3.0,3.0,0,0,0,1020,1,1.0,0.0,0
196000.0,0,0,0,0,0,0,0,0.0,714.0,6,4.0,3.0,264,0,0,1567,2,2.0,3.0,0
144000.0,0,0,0,0,0,0,0,0.0,495.0,5,3.0,3.0,0,0,0,1167,1,2.0,4.0,0
139000.0,0,0,0,0,0,0,0,0.0,840.0,5,3.0,3.0,0,0,0,952,1,1.0,0.0,0
197500.0,0,0,0,0,0,0,0,44.0,484.0,5,4.0,3.0,448,0,0,1868,2,2.0,3.0,1
424870.0,0,0,0,0,0,1,0,340.0,1052.0,8,4.0,4.0,125,0,0,2828,3,1.0,3.0,0
80000.0,0,0,0,0,0,0,0,0.0,0.0,5,3.0,3.0,0,0,0,1006,1,1.0,0.0,0
80000.0,0,0,0,0,0,0,0,0.0,280.0,4,2.0,3.0,0,0,0,924,1,1.0,0.0,0
149000.0,0,0,0,0,0,0,0,0.0,225.0,5,3.0,3.0,0,0,0,1576,1,1.0,4.0,0
180000.0,0,0,0,0,0,0,0,85.0,403.0,6,4.0,4.0,165,0,0,1298,2,1.0,3.0,0
174500.0,0,0,0,0,0,0,0,0.0,234.0,7,2.0,3.0,0,0,0,1564,1,1.0,4.0,0
116900.0,0,0,0,0,0,0,0,0.0,288.0,7,3.0,3.0,0,0,0,1111,1,1.0,4.0,0
143000.0,0,0,0,0,0,0,0,0.0,324.0,7,3.0,3.0,0,0,0,1482,1,1.0,0.0,0
124000.0,0,0,0,0,0,0,0,0.0,306.0,6,4.0,3.0,0,0,0,932,1,2.0,4.0,0
149900.0,0,0,0,0,0,0,0,132.0,528.0,5,2.0,3.0,0,0,0,1466,1,1.0,4.0,0
230000.0,0,0,0,0,0,0,0,0.0,470.0,6,5.0,3.0,0,0,0,1811,1,2.0,4.0,0
120500.0,0,0,0,0,0,0,0,0.0,432.0,6,3.0,4.0,0,0,0,816,1,1.0,0.0,0
201800.0,0,0,0,0,0,0,0,288.0,492.0,7,4.0,3.0,60,0,0,1820,1,2.0,4.0,0
218000.0,0,0,0,0,0,0,0,0.0,528.0,5,4.0,4.0,0,0,0,1437,2,2.0,2.0,0
179900.0,0,0,0,0,0,0,0,0.0,502.0,5,4.0,3.0,0,0,0,1265,2,1.0,4.0,0
230000.0,1,0,0,0,0,0,0,166.0,626.0,7,4.0,4.0,172,0,0,1314,2,2.0,4.0,0
235128.0,0,0,0,0,0,0,0,186.0,830.0,8,4.0,4.0,0,0,1,1580,2,1.0,0.0,0
185000.0,0,0,0,0,0,0,0,270.0,540.0,6,4.0,4.0,0,0,0,1876,2,1.0,3.0,0
146000.0,0,0,0,0,0,0,0,0.0,440.0,6,3.0,3.0,26,0,0,1456,2,1.0,3.0,0
224000.0,0,0,0,0,0,0,0,72.0,924.0,6,4.0,4.0,108,0,0,1640,1,2.0,4.0,1
129000.0,0,0,0,0,0,0,0,0.0,450.0,5,3.0,3.0,0,0,0,894,1,1.0,1.0,0
108959.0,0,0,0,0,0,0,0,0.0,400.0,4,3.0,3.0,120,0,0,1258,0,1.0,0.0,0
194000.0,0,0,0,0,0,0,0,0.0,588.0,5,4.0,3.0,168,0,1,1432,1,2.0,3.0,0
233170.0,1,0,0,0,0,0,0,268.0,644.0,7,4.0,4.0,0,0,0,1502,2,2.0,0.0,0
245350.0,0,0,0,0,0,1,0,72.0,776.0,8,4.0,4.0,160,0,0,1694,2,2.0,0.0,0
173000.0,0,0,0,0,0,0,0,0.0,472.0,6,3.0,3.0,0,0,0,1671,2,2.0,3.0,0
235000.0,0,0,0,0,0,0,0,0.0,540.0,6,4.0,3.0,0,0,0,2108,2,1.0,3.0,0
625000.0,0,0,1,0,0,0,0,1378.0,807.0,10,4.0,4.0,361,0,0,3627,3,2.0,3.0,1
171000.0,0,0,0,0,0,0,0,0.0,358.0,6,3.0,3.0,203,0,0,1118,1,1.0,1.0,0
163000.0,0,0,0,0,0,0,0,0.0,433.0,6,3.0,3.0,0,0,0,1261,1,1.0,3.0,0
171900.0,0,0,0,1,0,0,0,0.0,625.0,7,4.0,4.0,0,0,0,1250,2,2.0,0.0,0
200500.0,0,0,0,0,0,0,0,0.0,0.0,5,5.0,3.0,122,0,0,3086,3,2.0,4.0,0
239000.0,0,0,0,0,0,0,0,0.0,360.0,6,3.0,3.0,0,0,0,2345,2,2.0,4.0,0
285000.0,0,0,1,0,0,0,0,337.0,541.0,8,4.0,4.0,0,0,0,2872,2,1.0,3.0,0
119500.0,0,0,0,0,0,0,0,0.0,264.0,5,3.0,3.0,362,0,0,923,1,2.0,0.0,1
115000.0,0,0,0,0,0,0,0,0.0,210.0,6,3.0,3.0,0,0,0,1224,1,1.0,0.0,0
154900.0,0,0,0,0,0,0,0,0.0,186.0,5,3.0,3.0,192,0,1,1343,1,2.0,4.0,0
93000.0,0,0,0,0,0,0,0,0.0,0.0,5,3.0,3.0,0,0,0,1124,1,1.0,4.0,0
250000.0,0,0,0,0,1,0,0,0.0,693.0,7,3.0,3.0,0,0,0,2514,2,3.0,0.0,0
392500.0,0,1,0,0,0,0,0,186.0,482.0,8,4.0,5.0,162,1,0,1652,2,2.0,4.0,0
745000.0,0,0,1,0,0,0,0,0.0,813.0,10,5.0,4.0,171,0,0,4476,3,2.0,3.0,0
120000.0,0,0,0,0,0,0,0,0.0,720.0,5,3.0,3.0,229,0,0,1130,1,1.0,4.0,0
186700.0,0,0,0,0,1,0,0,226.0,995.0,5,3.0,3.0,0,0,0,1572,1,1.0,3.0,0
104900.0,0,0,0,0,0,0,0,0.0,392.0,5,3.0,3.0,0,0,0,1221,1,1.0,0.0,0
95000.0,0,0,0,0,0,0,0,0.0,420.0,3,3.0,3.0,0,0,0,1699,2,2.0,0.0,0
262000.0,0,0,1,0,0,0,0,0.0,757.0,8,4.0,4.0,0,0,0,1624,2,1.0,2.0,0
195000.0,0,0,0,0,0,1,0,95.0,493.0,7,4.0,4.0,144,0,0,1660,2,2.0,0.0,0
189000.0,0,0,0,0,0,0,0,0.0,442.0,7,4.0,3.0,140,0,0,1804,2,1.0,3.0,0
168000.0,0,0,0,0,0,0,0,149.0,1356.0,4,3.0,3.0,439,0,0,1622,1,1.0,3.0,0
174000.0,0,0,0,1,0,0,0,456.0,492.0,8,4.0,4.0,206,0,0,1441,2,1.0,0.0,0
125000.0,0,0,0,0,0,0,0,0.0,250.0,5,4.0,3.0,0,0,0,1472,1,1.0,0.0,0
165000.0,0,0,0,0,0,0,0,425.0,402.0,6,3.0,3.0,0,0,1,1224,2,1.0,0.0,0
158000.0,0,0,0,0,0,0,0,143.0,299.0,6,3.0,3.0,379,0,0,1352,1,1.0,0.0,0
176000.0,0,0,0,0,0,0,0,0.0,400.0,6,4.0,3.0,100,0,0,1456,2,2.0,0.0,0
219210.0,0,0,0,0,0,0,0,0.0,660.0,7,4.0,4.0,100,0,0,1863,2,2.0,4.0,0
144000.0,0,0,0,0,0,0,0,0.0,225.0,7,3.0,3.0,0,0,0,1690,1,2.0,4.0,0
178000.0,0,0,0,0,0,1,0,0.0,573.0,7,4.0,4.0,356,0,0,1212,2,1.0,0.0,0
148000.0,0,0,0,0,0,0,0,51.0,459.0,4,3.0,3.0,0,0,0,1382,1,1.0,1.0,0
116050.0,0,0,0,0,0,0,0,0.0,280.0,4,3.0,3.0,0,0,0,864,1,1.0,0.0,0
197900.0,0,0,0,0,0,1,0,0.0,546.0,7,4.0,3.0,198,0,0,1779,2,1.0,0.0,0
117000.0,0,0,0,0,0,0,0,0.0,216.0,5,3.0,3.0,0,0,0,1348,1,1.0,2.0,0
213000.0,0,0,0,0,0,1,0,171.0,451.0,7,4.0,4.0,74,0,0,1630,2,1.0,3.0,0
153500.0,0,0,0,0,0,0,0,0.0,495.0,5,3.0,3.0,0,0,0,1074,1,1.0,0.0,0
271900.0,0,0,0,0,0,0,0,234.0,701.0,7,4.0,4.0,84,0,0,2196,2,2.0,3.0,1
107000.0,0,0,0,0,0,0,0,0.0,384.0,4,3.0,3.0,0,0,0,1056,1,1.0,0.0,0
200000.0,0,0,0,0,0,1,0,120.0,544.0,6,4.0,4.0,192,0,0,1700,2,1.0,0.0,0
140000.0,0,0,0,0,0,0,0,0.0,506.0,5,3.0,3.0,0,0,0,1283,1,1.0,0.0,0
290000.0,0,0,0,0,0,0,0,420.0,500.0,8,4.0,4.0,322,0,0,1660,2,2.0,4.0,1
189000.0,0,0,0,0,0,0,0,0.0,462.0,6,4.0,4.0,635,0,0,1845,2,1.0,3.0,0
164000.0,0,0,0,0,0,0,0,0.0,492.0,8,3.0,4.0,325,0,0,1752,2,2.0,0.0,0
113000.0,0,0,0,0,0,0,0,0.0,234.0,4,3.0,3.0,0,0,0,672,1,1.0,0.0,0
145000.0,0,0,0,0,0,0,0,0.0,364.0,4,3.0,3.0,88,0,0,960,0,2.0,0.0,1
134500.0,0,0,0,0,0,0,0,0.0,300.0,5,3.0,3.0,150,0,0,999,1,2.0,0.0,0
125000.0,0,0,0,0,0,0,0,0.0,384.0,5,3.0,3.0,0,0,0,894,1,2.0,0.0,0
112000.0,0,0,0,0,0,0,0,0.0,539.0,6,3.0,3.0,0,0,0,1902,2,1.0,0.0,0
229456.0,0,0,0,1,0,0,0,72.0,552.0,8,4.0,4.0,135,1,0,1314,2,1.0,0.0,0
80500.0,0,0,0,0,0,0,0,0.0,0.0,4,3.0,3.0,0,0,0,912,1,1.0,0.0,0
91500.0,0,0,0,0,0,0,0,236.0,0.0,6,3.0,3.0,201,1,0,1218,1,1.0,0.0,0
115000.0,0,0,0,0,0,0,0,0.0,288.0,5,3.0,3.0,0,0,0,912,1,2.0,0.0,0
134000.0,0,0,0,0,0,0,0,0.0,322.0,5,3.0,3.0,0,0,0,1211,1,1.0,3.0,0
143000.0,0,0,0,0,0,0,0,320.0,315.0,6,3.0,3.0,0,0,0,1846,2,1.0,4.0,0
137900.0,0,0,0,0,0,0,0,44.0,528.0,5,3.0,3.0,0,0,0,2136,2,1.0,0.0,0
184000.0,0,0,0,0,0,0,0,0.0,388.0,7,4.0,4.0,100,0,0,1490,2,2.0,4.0,0
145000.0,0,0,0,0,0,0,0,63.0,264.0,6,3.0,3.0,224,0,0,1138,1,1.0,0.0,0
214000.0,0,0,0,0,0,0,0,74.0,668.0,6,4.0,4.0,100,0,0,1933,2,2.0,4.0,1
147000.0,0,0,0,0,0,0,0,300.0,576.0,5,4.0,3.0,0,0,0,912,1,1.0,0.0,0
367294.0,1,0,0,0,0,0,0,766.0,1052.0,9,5.0,5.0,0,0,0,1702,1,1.0,4.0,0
127000.0,0,0,0,0,0,0,0,0.0,404.0,5,3.0,3.0,0,0,0,1507,2,1.0,0.0,0
190000.0,0,0,0,0,0,0,0,1.0,600.0,5,3.0,3.0,155,0,0,2620,2,2.0,3.0,0
132500.0,0,0,0,0,0,0,0,120.0,540.0,5,3.0,3.0,0,0,0,1190,1,1.0,0.0,0
101800.0,0,0,0,0,0,0,0,0.0,462.0,4,3.0,3.0,0,0,1,1224,2,1.0,0.0,0
142000.0,0,0,0,0,0,0,0,180.0,531.0,5,3.0,3.0,0,0,0,1188,1,2.0,0.0,0
130000.0,0,0,0,0,0,0,0,0.0,0.0,5,3.0,3.0,0,0,0,1964,1,1.0,0.0,0
138887.0,0,0,0,0,0,0,0,0.0,180.0,5,3.0,3.0,203,0,0,1784,1,1.0,0.0,0
175500.0,1,0,0,0,0,0,0,106.0,474.0,7,4.0,4.0,0,0,0,1626,2,1.0,0.0,0
195000.0,0,0,0,0,0,1,0,0.0,434.0,7,4.0,4.0,100,0,1,1948,2,3.0,4.0,0
142500.0,0,0,0,0,0,0,0,0.0,484.0,6,3.0,4.0,0,0,0,1141,1,1.0,0.0,0
265900.0,0,1,0,0,1,0,0,32.0,472.0,8,5.0,4.0,120,0,0,1484,2,2.0,4.0,0
224900.0,0,0,0,0,0,1,0,252.0,543.0,7,4.0,4.0,0,0,0,1768,2,1.0,0.0,0
248328.0,0,0,0,0,0,0,0,0.0,954.0,7,4.0,4.0,0,0,0,1689,2,1.0,0.0,0
170000.0,0,0,0,0,0,0,0,81.0,528.0,7,4.0,3.0,0,0,0,1173,2,1.0,3.0,0
465000.0,1,0,0,0,0,0,0,0.0,850.0,10,5.0,5.0,216,0,0,2076,2,1.0,4.0,0
230000.0,0,1,0,0,0,0,0,0.0,400.0,8,4.0,3.0,0,0,0,1517,1,2.0,4.0,0
178000.0,0,0,0,0,0,0,0,74.0,477.0,6,3.0,3.0,268,0,0,1868,3,1.0,3.0,0
186500.0,0,0,0,1,0,0,0,0.0,615.0,7,4.0,4.0,0,0,0,1553,2,1.0,0.0,0
169900.0,0,0,0,0,0,0,0,335.0,888.0,6,3.0,3.0,0,0,0,1034,1,2.0,0.0,0
129500.0,0,0,0,0,0,0,0,0.0,396.0,6,3.0,3.0,0,0,0,2058,1,1.0,4.0,0
119000.0,0,0,0,0,0,0,0,0.0,276.0,5,3.0,3.0,0,0,0,988,1,1.0,0.0,0
244000.0,0,0,0,0,0,0,0,0.0,522.0,7,5.0,4.0,0,0,0,2110,2,1.0,3.0,0
171750.0,1,0,0,0,0,0,0,163.0,478.0,7,4.0,4.0,148,0,0,1405,2,2.0,4.0,0
130000.0,0,0,0,0,0,0,0,0.0,288.0,5,3.0,3.0,33,0,0,874,1,1.0,0.0,0
294000.0,0,0,0,0,0,0,0,0.0,518.0,7,4.0,4.0,220,0,0,2167,2,2.0,4.0,0
165400.0,0,0,0,0,0,0,0,92.0,397.0,7,4.0,4.0,178,0,0,1656,2,1.0,4.0,0
127500.0,0,0,0,0,0,0,0,0.0,560.0,6,3.0,3.0,0,0,0,1367,1,1.0,4.0,0
301500.0,0,0,1,0,0,0,0,554.0,691.0,8,4.0,4.0,262,0,0,1987,2,2.0,3.0,0
99900.0,0,0,0,0,0,0,0,0.0,0.0,5,3.0,3.0,0,0,0,864,1,1.0,0.0,0
190000.0,0,0,0,0,0,0,0,182.0,400.0,7,4.0,4.0,212,0,0,1166,2,2.0,0.0,0
151000.0,0,0,0,0,0,0,0,0.0,460.0,6,3.0,3.0,180,0,1,1054,1,1.0,0.0,0
181000.0,0,0,0,0,0,0,0,0.0,502.0,6,3.0,3.0,0,0,0,1675,2,4.0,3.0,1
128900.0,0,0,0,0,0,0,0,0.0,338.0,5,3.0,3.0,0,0,0,1050,1,1.0,0.0,0
161500.0,0,0,0,0,0,0,0,0.0,304.0,4,3.0,3.0,120,0,0,1788,1,1.0,3.0,0
180500.0,0,0,0,0,0,0,0,0.0,520.0,6,3.0,3.0,0,0,0,1824,1,1.0,4.0,0
181000.0,0,0,0,0,0,0,0,0.0,511.0,6,4.0,4.0,144,0,0,1337,2,1.0,0.0,0
183900.0,0,0,0,1,0,0,0,218.0,506.0,7,4.0,4.0,0,0,0,1452,2,1.0,0.0,0
122000.0,0,0,0,0,0,0,0,0.0,308.0,7,3.0,2.0,0,0,0,1889,1,2.0,4.0,0
378500.0,0,1,0,0,1,0,0,0.0,746.0,9,5.0,5.0,144,0,0,2018,2,2.0,4.0,0
381000.0,0,0,0,0,0,0,0,632.0,1014.0,8,4.0,3.0,314,0,0,3447,3,2.0,4.0,0
144000.0,0,0,0,0,0,0,0,180.0,315.0,5,3.0,3.0,0,0,0,1524,1,1.0,0.0,0
260000.0,0,0,0,0,0,0,0,0.0,586.0,7,4.0,4.0,268,0,0,1524,0,1.0,3.0,0
185750.0,0,0,0,0,0,0,0,0.0,462.0,6,4.0,3.0,0,0,0,1489,2,2.0,4.0,0
137000.0,0,0,0,0,0,0,0,114.0,288.0,5,3.0,3.0,180,0,0,935,1,2.0,0.0,1
177000.0,0,0,0,0,0,0,0,84.0,312.0,6,5.0,3.0,0,0,0,1357,1,2.0,4.0,0
139000.0,0,0,0,0,0,0,0,0.0,552.0,5,3.0,3.0,242,0,0,1250,2,1.0,4.0,0
137000.0,0,0,0,0,0,0,0,567.0,400.0,5,3.0,3.0,0,0,0,1920,2,1.0,0.0,0
162000.0,0,0,0,0,0,0,0,0.0,497.0,6,3.0,3.0,294,0,0,1395,1,2.0,3.0,1
197900.0,0,0,0,0,0,0,0,359.0,480.0,6,3.0,3.0,0,0,0,1724,1,2.0,4.0,1
237000.0,0,0,0,0,0,1,0,0.0,577.0,8,4.0,4.0,0,0,0,2031,2,1.0,4.0,0
68400.0,0,0,0,0,0,0,0,0.0,528.0,4,3.0,3.0,30,0,0,1128,1,1.0,0.0,0
227000.0,0,0,0,0,0,1,0,110.0,544.0,7,4.0,4.0,0,0,0,1573,2,2.0,0.0,0
180000.0,0,0,0,0,1,0,0,54.0,484.0,7,3.0,3.0,0,0,0,1339,2,2.0,3.0,1
150500.0,0,0,0,0,0,1,0,0.0,484.0,5,4.0,3.0,0,0,0,1040,2,2.0,0.0,0
139000.0,0,0,0,0,0,0,0,0.0,0.0,6,3.0,3.0,128,0,0,1824,2,1.0,0.0,0
169000.0,0,0,0,0,0,0,0,0.0,336.0,6,4.0,3.0,272,0,0,2447,2,1.0,4.0,0
132500.0,0,0,0,0,0,0,0,0.0,280.0,6,3.0,3.0,45,0,0,1412,1,1.0,4.0,0
143000.0,0,0,0,0,0,0,0,451.0,528.0,6,3.0,3.0,0,0,0,1328,1,1.0,4.0,0
190000.0,0,0,0,0,0,0,0,621.0,390.0,5,3.0,3.0,168,0,0,1582,2,2.0,0.0,0
278000.0,0,0,0,0,0,0,1,0.0,499.0,8,5.0,4.0,212,1,0,1659,2,2.0,5.0,0
281000.0,1,0,0,0,0,0,0,788.0,753.0,8,5.0,4.0,177,0,0,1970,2,2.0,4.0,0
180500.0,0,0,0,0,0,0,0,86.0,484.0,5,3.0,3.0,227,0,0,1152,1,2.0,4.0,0
119500.0,0,0,0,0,0,0,0,268.0,264.0,5,3.0,3.0,185,1,0,1302,2,1.0,0.0,0
107500.0,0,0,0,0,0,0,0,0.0,432.0,5,3.0,3.0,0,0,0,2372,2,1.0,0.0,0
162900.0,0,0,0,0,0,0,0,0.0,528.0,7,3.0,3.0,0,0,0,1664,2,1.0,3.0,0
115000.0,0,0,0,0,0,0,0,0.0,572.0,5,3.0,3.0,0,0,0,864,1,1.0,0.0,0
138500.0,0,0,0,0,0,0,0,168.0,288.0,5,3.0,3.0,356,0,0,1052,1,1.0,0.0,0
155000.0,0,0,0,0,0,0,0,148.0,525.0,5,3.0,3.0,192,0,0,1128,2,1.0,0.0,0
140000.0,0,0,0,0,0,0,0,82.0,525.0,6,3.0,3.0,0,0,0,1072,2,1.0,0.0,0
160000.0,0,0,0,0,0,0,0,796.0,1418.0,10,5.0,5.0,214,0,0,5642,2,4.0,4.0,0
154000.0,0,0,0,0,0,0,0,0.0,305.0,5,4.0,3.0,218,0,0,1246,1,1.0,0.0,0
225000.0,0,0,0,0,0,0,0,344.0,490.0,7,4.0,4.0,0,0,0,1983,2,2.0,3.0,1
177500.0,0,0,0,0,0,0,0,0.0,213.0,6,4.0,3.0,0,0,0,1494,1,2.0,4.0,0
290000.0,0,0,1,0,0,0,0,391.0,844.0,8,4.0,4.0,309,0,0,2526,2,1.0,3.0,0
232000.0,0,0,0,0,0,0,0,228.0,834.0,7,4.0,4.0,208,0,0,1616,2,1.0,0.0,0
130000.0,0,0,0,0,0,0,0,117.0,380.0,7,4.0,4.0,0,0,0,1708,2,1.0,0.0,0
325000.0,1,0,0,0,0,0,0,300.0,840.0,9,5.0,4.0,404,0,0,1652,2,2.0,5.0,0
202500.0,1,0,0,0,0,0,0,94.0,474.0,7,4.0,4.0,132,0,0,1368,2,2.0,4.0,0
138000.0,0,0,0,0,0,1,0,0.0,480.0,5,3.0,3.0,0,0,0,990,1,1.0,0.0,0
147000.0,0,0,0,0,0,0,0,0.0,528.0,5,4.0,3.0,0,0,0,1122,1,1.0,0.0,0
179200.0,0,0,0,0,0,0,0,88.0,496.0,6,4.0,3.0,112,0,0,1294,2,1.0,0.0,0
335000.0,0,0,0,0,0,0,0,0.0,567.0,7,5.0,4.0,0,0,0,1902,2,1.0,3.0,0
203000.0,0,0,0,0,0,1,0,80.0,508.0,7,4.0,4.0,264,0,0,1274,2,1.0,0.0,0
302000.0,0,0,1,0,0,0,0,336.0,750.0,8,4.0,4.0,500,0,0,2810,2,2.0,5.0,0
333168.0,0,0,1,0,0,0,0,165.0,779.0,9,4.0,4.0,668,0,0,2599,2,2.0,3.0,0
119000.0,0,0,0,0,0,0,0,0.0,280.0,4,3.0,3.0,0,0,0,948,1,1.0,3.0,0
206900.0,0,0,0,0,0,0,0,0.0,576.0,6,3.0,3.0,280,0,0,2112,2,1.0,4.0,0
295493.0,0,0,0,0,0,1,0,270.0,860.0,8,5.0,4.0,172,0,0,1630,2,2.0,4.0,0
208900.0,0,0,0,1,0,0,0,0.0,466.0,7,4.0,4.0,0,0,0,1352,2,1.0,4.0,0
275000.0,0,0,0,0,0,1,0,178.0,748.0,8,4.0,4.0,198,0,0,1787,2,3.0,3.0,1
111000.0,0,0,0,0,0,0,0,132.0,248.0,4,3.0,3.0,0,0,0,948,1,1.0,0.0,0
156500.0,0,0,0,0,0,0,0,0.0,442.0,6,3.0,3.0,114,0,0,1478,1,1.0,4.0,0
72500.0,0,0,0,0,0,0,0,0.0,287.0,3,3.0,3.0,0,0,0,720,1,2.0,0.0,0
190000.0,0,0,1,0,0,0,0,0.0,564.0,7,4.0,4.0,240,0,0,1923,2,2.0,3.0,0
82500.0,0,1,0,0,0,0,0,0.0,0.0,4,2.0,2.0,164,0,0,708,1,1.0,0.0,0
147000.0,0,0,0,0,0,0,0,428.0,895.0,8,4.0,4.0,0,0,0,1795,2,1.0,4.0,0
55000.0,0,0,0,0,0,0,0,0.0,0.0,4,3.0,3.0,0,0,0,796,1,1.0,0.0,0
79000.0,0,0,0,0,0,0,0,0.0,0.0,3,4.0,3.0,0,0,0,774,1,1.0,0.0,0
130500.0,0,0,0,0,0,0,0,0.0,264.0,5,4.0,4.0,0,0,0,816,1,1.0,5.0,0
256000.0,0,0,0,0,0,0,0,0.0,520.0,6,3.0,4.0,0,0,0,2792,2,1.0,3.0,0
176500.0,0,0,0,0,0,0,0,0.0,462.0,7,3.0,3.0,0,0,0,1632,2,2.0,3.0,0
227000.0,0,0,0,0,0,0,0,410.0,825.0,8,4.0,4.0,144,0,0,1588,2,1.0,4.0,0
132500.0,0,0,0,0,0,1,0,0.0,576.0,5,3.0,3.0,0,0,0,954,1,2.0,0.0,0
100000.0,0,0,0,0,0,0,0,0.0,288.0,4,3.0,3.0,0,0,0,816,1,1.0,4.0,0
125500.0,0,0,0,0,0,0,0,0.0,297.0,5,4.0,3.0,0,0,0,1360,1,1.0,0.0,0
125000.0,0,0,0,0,0,0,0,312.0,440.0,5,3.0,3.0,0,0,0,1365,1,1.0,0.0,0
167900.0,0,0,0,0,0,0,0,360.0,630.0,6,3.0,3.0,0,0,0,1334,2,1.0,3.0,0
135000.0,0,0,0,0,0,0,0,564.0,506.0,5,3.0,3.0,0,0,0,1656,2,2.0,0.0,0
52500.0,0,0,0,0,0,0,0,0.0,0.0,4,2.0,3.0,0,0,0,693,1,2.0,0.0,0
200000.0,0,0,0,0,0,1,0,0.0,492.0,7,4.0,4.0,146,0,0,1861,2,2.0,0.0,0
128500.0,0,0,0,0,0,1,0,0.0,288.0,5,3.0,3.0,0,0,0,864,1,2.0,0.0,0
123000.0,0,0,0,0,0,0,0,0.0,480.0,4,3.0,3.0,0,0,0,872,1,1.0,0.0,0
155000.0,0,0,0,0,0,0,0,0.0,576.0,6,4.0,3.0,0,0,0,1114,1,1.0,0.0,0
228500.0,0,0,0,0,0,1,0,149.0,647.0,8,4.0,4.0,192,0,0,2169,2,1.0,4.0,0
177000.0,0,0,0,0,0,0,0,0.0,342.0,6,3.0,3.0,0,0,0,1913,1,1.0,3.0,0
155835.0,0,0,0,0,0,1,0,0.0,440.0,7,4.0,4.0,0,0,0,1456,2,2.0,3.0,0
108500.0,0,0,0,0,0,0,0,0.0,308.0,4,2.0,3.0,0,0,0,960,1,1.0,0.0,0
262500.0,0,0,0,0,0,0,0,0.0,508.0,7,3.0,3.0,0,0,0,2156,2,3.0,4.0,1
283463.0,0,1,0,0,1,0,0,100.0,712.0,8,4.0,4.0,0,0,0,1776,2,2.0,4.0,0
215000.0,0,0,0,0,0,0,0,0.0,514.0,7,4.0,4.0,402,0,0,1494,2,4.0,2.0,0
122000.0,0,0,0,0,0,0,0,0.0,0.0,8,3.0,3.0,0,0,0,2358,2,1.0,0.0,0
200000.0,0,0,0,0,0,0,0,368.0,968.0,5,3.0,3.0,0,0,0,2634,2,1.0,0.0,0
171000.0,0,0,0,0,0,0,0,318.0,490.0,6,3.0,3.0,0,0,0,1716,1,2.0,4.0,0
134900.0,0,0,0,0,0,0,0,0.0,624.0,6,3.0,4.0,210,0,0,1176,1,1.0,0.0,0
410000.0,0,0,1,0,0,0,0,579.0,666.0,8,4.0,4.0,283,0,0,3238,2,2.0,5.0,1
235000.0,0,0,0,0,0,1,0,0.0,839.0,7,4.0,4.0,0,0,0,1865,2,2.0,3.0,0
170000.0,0,0,0,0,0,0,0,143.0,487.0,7,4.0,3.0,0,0,0,1920,3,2.0,3.0,0
110000.0,0,0,0,0,0,0,0,65.0,264.0,5,3.0,3.0,0,0,0,892,1,1.0,0.0,0
149900.0,0,0,0,0,0,0,0,0.0,500.0,5,3.0,3.0,0,0,0,1078,1,2.0,2.0,1
177500.0,0,0,0,1,0,0,0,216.0,440.0,6,4.0,4.0,0,0,0,1573,2,1.0,0.0,0
315000.0,1,0,0,0,0,0,0,66.0,770.0,9,5.0,4.0,194,0,0,1980,2,1.0,4.0,0
189000.0,0,0,0,0,0,0,0,0.0,621.0,5,3.0,3.0,183,0,0,2601,3,1.0,0.0,0
260000.0,0,0,0,0,0,0,1,16.0,430.0,7,4.0,4.0,168,0,0,1530,2,2.0,4.0,0
104900.0,0,0,0,0,0,0,0,0.0,368.0,4,3.0,3.0,55,0,1,1738,2,2.0,4.0,0
156932.0,0,0,0,0,0,0,0,0.0,432.0,6,4.0,3.0,0,0,0,1412,2,2.0,4.0,0
144152.0,0,0,0,1,0,0,0,0.0,480.0,7,4.0,4.0,0,0,0,1200,2,1.0,0.0,0
216000.0,0,0,0,1,0,0,0,0.0,663.0,7,4.0,4.0,0,0,0,1674,2,1.0,0.0,0
193000.0,0,0,0,0,0,1,0,158.0,588.0,7,4.0,4.0,0,0,0,1790,2,2.0,0.0,0
127000.0,0,0,0,0,0,0,0,0.0,336.0,5,3.0,3.0,104,1,0,1475,2,1.0,3.0,0
144000.0,0,0,0,0,0,1,0,170.0,420.0,6,4.0,4.0,140,0,0,848,1,1.0,0.0,0
232000.0,0,0,0,0,0,1,0,171.0,502.0,8,4.0,4.0,0,0,1,1668,2,3.0,3.0,0
105000.0,0,0,0,0,0,0,0,0.0,338.0,4,3.0,2.0,0,0,0,1374,1,1.0,0.0,0
165500.0,0,0,0,0,0,0,0,0.0,377.0,6,4.0,3.0,0,0,0,1661,1,1.0,3.0,0
274300.0,0,0,0,0,0,1,0,0.0,583.0,7,4.0,3.0,253,0,0,2097,2,1.0,3.0,0
466500.0,0,0,1,0,0,0,0,705.0,804.0,10,5.0,5.0,314,0,0,2633,2,1.0,4.0,0
250000.0,0,0,0,1,0,0,0,0.0,936.0,7,4.0,4.0,154,1,0,1958,2,1.0,4.0,0
239000.0,0,1,0,0,1,0,0,80.0,722.0,8,4.0,4.0,100,0,0,1571,2,2.0,4.0,0
91000.0,0,0,0,0,0,0,0,0.0,160.0,6,3.0,3.0,0,0,0,790,1,1.0,0.0,0
117000.0,0,0,0,0,0,0,0,0.0,660.0,5,3.0,3.0,0,0,0,1604,2,1.0,0.0,0
83000.0,0,0,0,0,0,0,0,408.0,264.0,6,3.0,3.0,72,0,0,987,1,1.0,0.0,0
167500.0,0,0,0,0,1,0,0,0.0,400.0,5,4.0,3.0,100,0,0,1394,2,1.0,0.0,0
58500.0,0,0,0,0,0,0,0,0.0,200.0,3,3.0,3.0,0,0,0,864,1,1.0,0.0,0
237500.0,0,0,0,0,0,0,0,0.0,550.0,6,3.0,3.0,0,0,0,2117,2,2.0,4.0,0
157000.0,0,0,0,0,0,0,0,0.0,576.0,7,4.0,3.0,36,0,0,1762,1,1.0,0.0,0
112000.0,0,0,0,0,0,0,0,0.0,576.0,5,4.0,3.0,0,0,0,1416,2,1.0,0.0,0
105000.0,0,0,0,0,0,0,0,0.0,280.0,6,3.0,3.0,0,0,0,1258,1,1.0,0.0,0
125500.0,0,0,0,0,0,0,0,0.0,240.0,4,4.0,3.0,0,0,0,1154,1,1.0,0.0,0
250000.0,0,0,0,0,0,0,0,184.0,564.0,7,4.0,3.0,0,0,0,2784,3,2.0,3.0,0
136000.0,0,0,0,0,0,0,0,0.0,216.0,6,4.0,3.0,88,0,0,2526,2,1.0,4.0,0
377500.0,0,1,0,0,0,0,0,160.0,758.0,9,5.0,5.0,201,0,0,1746,2,2.0,4.0,1
131000.0,0,0,0,0,0,0,0,0.0,440.0,6,3.0,3.0,0,0,0,1218,1,1.0,4.0,0
235000.0,0,0,0,0,0,1,0,244.0,541.0,7,4.0,4.0,219,0,0,1525,2,1.0,0.0,0
124000.0,0,0,0,0,0,0,0,0.0,792.0,5,3.0,3.0,0,0,0,1584,2,1.0,0.0,0
123000.0,0,0,0,0,0,0,0,0.0,288.0,5,3.0,3.0,175,0,0,900,1,1.0,1.0,0
163000.0,0,0,0,0,0,0,0,0.0,672.0,6,3.0,3.0,0,0,0,1912,2,1.0,3.0,0
246578.0,0,0,0,0,0,0,0,45.0,648.0,7,4.0,4.0,161,0,0,1500,2,1.0,4.0,0
281213.0,0,0,0,0,1,0,0,245.0,642.0,8,4.0,4.0,144,0,0,2482,2,2.0,4.0,0
160000.0,0,0,0,0,1,0,0,0.0,572.0,5,3.0,3.0,0,0,0,1687,1,2.0,3.0,0
137500.0,0,0,0,0,0,0,0,0.0,180.0,5,3.0,3.0,24,0,0,1513,1,1.0,0.0,0
138000.0,0,0,0,0,0,0,0,0.0,240.0,5,3.0,3.0,0,0,0,1904,1,1.0,0.0,0
137450.0,0,0,0,0,0,0,0,0.0,216.0,6,4.0,3.0,147,0,0,1608,2,1.0,4.0,0
120000.0,0,0,0,0,0,0,0,0.0,208.0,6,3.0,3.0,0,0,0,1158,1,1.0,4.0,0
193000.0,0,0,0,0,0,0,0,0.0,398.0,6,3.0,3.0,100,0,0,1593,2,2.0,3.0,0
193879.0,0,0,0,0,0,1,0,0.0,662.0,7,4.0,4.0,168,0,0,1294,2,1.0,4.0,0
282922.0,0,0,0,0,0,0,0,84.0,754.0,8,4.0,4.0,168,0,0,1464,2,2.0,0.0,1
105000.0,0,0,0,0,0,0,0,0.0,936.0,3,3.0,3.0,216,0,0,1214,1,1.0,0.0,0
275000.0,0,1,0,0,0,0,0,174.0,482.0,8,4.0,4.0,128,1,0,1646,2,2.0,4.0,0
133000.0,0,0,0,0,0,1,0,0.0,396.0,5,3.0,3.0,58,0,0,768,1,1.0,0.0,0
112000.0,0,0,0,0,0,0,0,0.0,0.0,5,3.0,3.0,0,0,0,833,1,2.0,0.0,0
125500.0,0,0,0,0,0,0,0,0.0,528.0,4,3.0,3.0,0,0,0,1363,1,1.0,0.0,0
215000.0,0,0,0,0,0,0,0,123.0,542.0,7,3.0,3.0,364,0,0,2093,2,2.0,3.0,1
230000.0,0,0,0,0,0,1,0,0.0,622.0,7,4.0,4.0,0,0,0,1840,2,1.0,0.0,0
140000.0,0,0,0,0,0,0,0,0.0,271.0,6,3.0,3.0,0,0,0,1668,1,1.0,0.0,0
90000.0,0,0,0,0,0,0,0,0.0,420.0,4,3.0,3.0,0,0,0,1040,2,1.0,0.0,0
257000.0,0,0,0,0,0,0,0,366.0,620.0,8,4.0,4.0,165,0,0,1844,2,2.0,4.0,0
207000.0,0,0,0,0,0,0,0,0.0,370.0,6,4.0,3.0,0,0,0,1848,1,1.0,4.0,0
175900.0,0,0,0,0,0,0,0,130.0,660.0,7,4.0,4.0,143,0,0,1569,2,1.0,3.0,0
122500.0,0,0,0,0,0,0,0,0.0,560.0,4,3.0,3.0,0,0,0,2290,2,1.0,0.0,0
340000.0,0,0,1,0,0,0,0,731.0,1069.0,8,4.0,4.0,0,0,0,2450,2,2.0,3.0,0
124000.0,0,0,0,0,0,0,0,0.0,336.0,5,3.0,3.0,0,0,0,1144,1,1.0,0.0,0
223000.0,0,0,0,0,0,0,0,312.0,540.0,6,4.0,4.0,0,0,0,1844,2,2.0,3.0,0
179900.0,0,0,0,0,0,0,0,420.0,776.0,6,3.0,3.0,0,0,0,1416,2,1.0,3.0,0
127500.0,0,0,0,0,0,0,0,0.0,440.0,6,3.0,3.0,0,0,0,1069,2,1.0,2.0,0
136500.0,0,0,0,0,0,1,0,170.0,420.0,6,4.0,4.0,140,0,0,848,1,1.0,0.0,0
274970.0,0,0,0,0,0,0,0,0.0,432.0,6,4.0,4.0,586,0,0,2201,2,2.0,4.0,1
144000.0,0,0,0,0,0,0,0,0.0,484.0,5,3.0,3.0,316,0,0,1344,1,1.0,3.0,0
142000.0,0,0,0,0,0,0,0,243.0,528.0,6,4.0,4.0,0,0,0,1252,1,2.0,0.0,0
271000.0,0,0,1,0,0,0,0,448.0,525.0,7,4.0,4.0,171,0,0,2127,2,2.0,3.0,0
140000.0,0,0,0,0,0,0,0,0.0,288.0,5,3.0,3.0,0,0,0,1558,1,1.0,3.0,0
119000.0,0,0,0,0,0,0,0,294.0,240.0,5,4.0,3.0,0,0,0,804,1,1.0,4.0,0
182900.0,0,0,0,0,0,0,0,310.0,467.0,6,4.0,4.0,0,0,0,1440,2,2.0,3.0,0
192140.0,0,0,0,0,0,0,0,0.0,372.0,5,3.0,4.0,100,0,0,1838,2,4.0,4.0,0
143750.0,0,0,0,0,0,0,0,0.0,440.0,6,3.0,3.0,0,0,0,958,2,2.0,0.0,0
64500.0,0,0,0,0,0,0,0,0.0,216.0,4,3.0,3.0,0,0,0,968,2,1.0,0.0,0
186500.0,0,0,0,0,0,0,0,318.0,451.0,6,3.0,3.0,0,0,0,1792,2,2.0,3.0,0
160000.0,0,0,0,0,0,0,0,0.0,484.0,5,3.0,3.0,295,0,0,1126,2,1.0,4.0,0
174000.0,0,0,0,0,0,0,0,237.0,462.0,6,4.0,4.0,0,0,0,1537,1,1.0,4.0,0
120500.0,0,0,0,0,0,0,0,0.0,528.0,4,3.0,3.0,0,0,1,864,1,1.0,0.0,0
394617.0,1,0,0,0,0,0,0,426.0,774.0,8,5.0,5.0,0,0,1,1932,2,1.0,4.0,0
149700.0,0,0,0,0,0,0,0,0.0,923.0,6,3.0,3.0,0,0,0,1236,1,1.0,0.0,0
197000.0,0,0,0,0,0,0,0,96.0,550.0,7,3.0,3.0,0,0,0,1725,2,1.0,3.0,0
191000.0,0,0,0,0,0,0,0,0.0,672.0,6,3.0,3.0,431,0,0,2555,2,2.0,4.0,0
149300.0,0,0,0,0,0,1,0,147.0,420.0,6,4.0,4.0,149,0,0,848,1,1.0,3.0,0
310000.0,0,0,0,1,0,0,0,160.0,812.0,10,5.0,5.0,168,0,0,2007,2,1.0,5.0,0
121000.0,0,0,0,0,0,0,0,0.0,192.0,6,2.0,3.0,0,0,0,952,1,1.0,4.0,0
179600.0,0,0,0,0,0,1,0,106.0,626.0,7,4.0,4.0,192,0,1,1422,2,1.0,0.0,0
129000.0,0,0,0,0,0,0,0,0.0,240.0,6,3.0,3.0,0,0,0,913,1,1.0,0.0,0
157900.0,0,0,0,0,0,0,0,189.0,312.0,5,3.0,3.0,261,0,0,1188,1,2.0,0.0,1
240000.0,0,0,0,0,0,1,0,438.0,556.0,8,4.0,4.0,0,0,0,2090,2,1.0,3.0,0
112000.0,0,0,0,0,0,0,0,0.0,384.0,4,3.0,3.0,168,0,0,1346,1,1.0,0.0,0
92000.0,0,0,0,0,0,0,0,0.0,0.0,5,5.0,3.0,0,1,0,630,1,1.0,0.0,0
136000.0,0,0,0,0,0,0,0,0.0,0.0,5,3.0,3.0,32,0,1,1792,2,1.0,0.0,0
287090.0,0,0,0,0,0,0,0,194.0,840.0,8,5.0,4.0,0,1,0,1578,2,1.0,4.0,0
145000.0,0,0,0,0,0,0,0,80.0,525.0,5,3.0,3.0,0,0,0,1072,1,1.0,0.0,0
84500.0,0,0,0,0,0,0,0,0.0,0.0,5,3.0,3.0,36,0,0,1140,1,1.0,0.0,0
185000.0,0,0,0,1,0,0,0,0.0,400.0,7,4.0,4.0,0,0,0,1221,2,1.0,0.0,0
175000.0,0,0,0,0,0,0,0,0.0,460.0,6,3.0,3.0,0,0,0,1647,2,1.0,3.0,0
210000.0,0,0,0,0,0,0,0,119.0,500.0,6,3.0,3.0,349,0,0,2073,2,1.0,3.0,0
266500.0,0,0,0,0,0,0,0,0.0,252.0,7,4.0,5.0,0,1,0,2340,2,1.0,4.0,0
142125.0,0,0,0,0,0,0,0,0.0,240.0,5,4.0,3.0,366,0,0,1078,1,1.0,0.0,0
147500.0,0,0,0,0,0,0,0,0.0,276.0,5,3.0,4.0,736,0,0,1256,1,1.0,0.0,0
