"Class","Band1","Band2","Band3","Band4","Band5","Band6","Band7","Band8","Band9","Band10","Band11","Band12"
"alfalfa",1.39999,1.89999,2.39999,2.10001,5.8,1.2,1.5,11.3,14.2,5.5,-35.1,-22.8
"alfalfa",3.39999,1.89999,3.39999,3.10001,6.8,0.199997,2.5,13.3,12.2,4.5,-39.1,-22.8
"alfalfa",0.399994,-1.10001,1.39999,0.100006,0.800003,-2.8,0.5,6.3,10.2,3.5,-19.1,-16.8
"alfalfa",1.39999,0.899994,1.39999,4.10001,4.8,0.199997,1.5,9.3,12.2,4.5,-29.1,-26.8
"alfalfa",1.39999,3.89999,2.39999,2.10001,6.8,1.2,4.5,11.3,13.2,6.5,-34.1,-23.8
"alfalfa",2.39999,2.89999,2.39999,2.10001,5.8,2.2,2.5,11.3,15.2,6.5,-26.1,-22.8
"alfalfa",4.39999,3.89999,0.399994,3.10001,3.8,1.2,2.5,11.3,13.2,7.5,-30.1,-18.8
"alfalfa",-0.60001,-3.10001,1.39999,1.10001,2.8,-0.8,0.5,7.3,6.2,2.5,-22.1,-18.8
"alfalfa",-0.60001,-0.10001,-0.60001,1.10001,2.8,-1.8,-0.5,9.3,9.2,1.5,-29.1,-18.8
"alfalfa",-0.60001,2.89999,1.39999,2.10001,4.8,-0.8,2.5,10.3,11.2,3.5,-35.1,-23.8
"alfalfa",0.399994,0.899994,2.39999,4.10001,7.8,2.2,2.5,15.3,13.2,5.5,-38.1,-21.8
"alfalfa",1.39999,2.89999,0.399994,3.10001,5.8,-0.8,1.5,14.3,13.2,5.5,-44.1,-30.8
"alfalfa",0.399994,2.89999,1.39999,1.10001,2.8,-1.8,0.5,7.3,10.2,3.5,-31.1,-17.8
"alfalfa",1.39999,1.89999,2.39999,0.100006,2.8,-4.8,-0.5,5.3,7.2,2.5,-29.1,-19.8
"alfalfa",1.39999,-1.10001,0.399994,2.10001,1.8,0.199997,1.5,8.3,11.2,4.5,-34.1,-21.8
"alfalfa",0.399994,0.899994,3.39999,3.10001,4.8,-0.8,3.5,9.3,11.2,7.5,-24.1,-19.8
"alfalfa",1.39999,2.89999,3.39999,5.10001,5.8,2.2,3.5,12.3,13.2,6.5,-34.1,-20.8
"alfalfa",0.399994,2.89999,2.39999,2.10001,4.8,2.2,3.5,11.3,9.2,7.5,-19.1,-17.8
"alfalfa",-1.60001,0.899994,1.39999,0.100006,2.8,-0.8,2.5,9.3,12.2,3.5,-27.1,-16.8
"alfalfa",-0.60001,-1.10001,-0.60001,-0.89999,0.800003,-2.8,0.5,8.3,11.2,3.5,-39.1,-18.8
"alfalfa",1.39999,3.89999,2.39999,4.10001,6.8,0.199997,0.5,11.3,12.2,5.5,-26.1,-16.8
"alfalfa",3.39999,3.89999,3.39999,3.10001,6.8,1.2,1.5,15.3,14.2,9.5,-29.1,-24.8
"alfalfa",1.39999,4.89999,4.39999,2.10001,5.8,0.199997,3.5,13.3,13.2,7.5,-25.1,-13.8
"alfalfa",5.39999,6.89999,5.39999,5.10001,7.8,3.2,4.5,18.3,18.2,7.5,-56.1,-26.8
"alfalfa",4.39999,5.89999,5.39999,7.10001,11.8,6.2,4.5,17.3,19.2,9.5,-57.1,-34.8
"alfalfa",6.39999,6.89999,5.39999,5.10001,9.8,5.2,3.5,18.3,18.2,7.5,-49.1,-33.8
"alfalfa",4.39999,5.89999,4.39999,5.10001,8.8,3.2,3.5,16.3,17.2,6.5,-41.1,-25.8
"alfalfa",6.39999,6.89999,6.39999,5.10001,10.8,3.2,6.5,19.3,19.2,10.5,-55.1,-35.8
"alfalfa",5.39999,6.89999,6.39999,7.10001,13.8,5.2,7.5,19.3,20.2,8.5,-51.1,-35.8
"alfalfa",2.39999,1.89999,6.39999,6.10001,8.8,2.2,5.5,15.3,16.2,9.5,-44.1,-20.8
"alfalfa",1.39999,4.89999,4.39999,6.10001,6.8,1.2,3.5,15.3,18.2,7.5,-52.1,-28.8
"alfalfa",1.39999,5.89999,4.39999,5.10001,10.8,2.2,4.5,17.3,15.2,8.5,-50.1,-28.8
"alfalfa",3.39999,5.89999,2.39999,5.10001,6.8,2.2,3.5,12.3,14.2,7.5,-36.1,-26.8
"alfalfa",2.39999,3.89999,4.39999,5.10001,7.8,2.2,5.5,14.3,17.2,10.5,-42.1,-24.8
"alfalfa",4.39999,4.89999,4.39999,6.10001,10.8,2.2,4.5,18.3,16.2,9.5,-54.1,-35.8
"alfalfa",3.39999,3.89999,2.39999,4.10001,8.8,0.199997,3.5,15.3,15.2,9.5,-42.1,-22.8
"alfalfa",4.39999,5.89999,5.39999,6.10001,10.8,3.2,5.5,19.3,17.2,11.5,-50.1,-35.8
"alfalfa",3.39999,0.899994,5.39999,4.10001,5.8,2.2,2.5,12.3,12.2,6.5,-41.1,-27.8
"alfalfa",2.39999,7.89999,4.39999,5.10001,9.8,5.2,3.5,19.3,19.2,11.5,-61.1,-35.8
"alfalfa",4.39999,6.89999,5.39999,6.10001,9.8,5.2,6.5,19.3,20.2,8.5,-56.1,-36.8
"alfalfa",3.39999,5.89999,4.39999,6.10001,9.8,6.2,6.5,18.3,20.2,11.5,-64.1,-34.8
"alfalfa",6.39999,7.89999,6.39999,7.10001,9.8,5.2,6.5,19.3,19.2,9.5,-55.1,-31.8
"alfalfa",7.39999,7.89999,7.39999,7.10001,11.8,6.2,7.5,20.3,20.2,10.5,-64.1,-41.8
"alfalfa",4.39999,7.89999,7.39999,7.10001,10.8,5.2,8.5,19.3,19.2,14.5,-50.1,-32.8
"alfalfa",6.39999,4.89999,6.39999,5.10001,11.8,7.2,5.5,19.3,22.2,11.5,-68.1,-40.8
"alfalfa",5.39999,7.89999,6.39999,6.10001,10.8,6.2,6.5,21.3,21.2,11.5,-59.1,-33.8
"alfalfa",2.39999,6.89999,5.39999,5.10001,10.8,7.2,5.5,17.3,17.2,13.5,-38.1,-18.8
"alfalfa",5.39999,3.89999,5.39999,5.10001,11.8,7.2,5.5,20.3,20.2,12.5,-51.1,-26.8
"alfalfa",3.39999,7.89999,4.39999,5.10001,9.8,4.2,5.5,18.3,18.2,9.5,-58.1,-35.8
"alfalfa",2.39999,3.89999,4.39999,5.10001,8.8,5.2,5.5,16.3,16.2,11.5,-33.1,-33.8
"alfalfa",0.399994,7.89999,3.39999,5.10001,5.8,5.2,6.5,15.3,15.2,10.5,-40.1,-19.8
"alfalfa",3.39999,5.89999,6.39999,5.10001,14.8,4.2,4.5,19.3,18.2,7.5,-60.1,-43.8
"alfalfa",3.39999,6.89999,4.39999,5.10001,8.8,5.2,4.5,15.3,19.2,9.5,-66.1,-34.8
"alfalfa",-4.60001,-4.10001,-3.60001,0.100006,-4.2,-1.8,-0.5,0.300003,2.2,3.5,-15.1,-5.8
"alfalfa",1.39999,3.89999,1.39999,4.10001,5.8,4.2,5.5,16.3,16.2,8.5,-43.1,-18.8
"corn",-0.60001,0.899994,2.39999,3.10001,4.8,4.2,3.5,13.3,15.2,17.5,-3.10001,-4.8
"corn",0.399994,-0.10001,1.39999,2.10001,0.800003,1.2,6.5,11.3,11.2,16.5,-1.10001,-3.8
"corn",-1.60001,-1.10001,3.39999,2.10001,6.8,1.2,1.5,11.3,9.2,14.5,7.89999,-2.8
"corn",-8.60001,-5.10001,-2.60001,-0.89999,-3.2,-2.8,0.5,10.3,6.2,11.5,-2.10001,4.2
"corn",-8.60001,-4.10001,-1.60001,0.100006,-3.2,-2.8,-0.5,0.300003,2.2,8.5,3.89999,2.2
"corn",-8.60001,-7.10001,-3.60001,-2.89999,-4.2,-3.8,-1.5,1.3,5.2,11.5,4.89999,4.2
"corn",-10.6,-7.10001,-4.60001,-2.89999,-5.2,-3.8,0.5,3.3,5.2,11.5,2.89999,2.2
"corn",-7.60001,-3.10001,-3.60001,0.100006,-3.2,0.199997,1.5,9.3,10.2,14.5,-1.10001,2.2
"corn",-7.60001,-7.10001,-5.60001,-2.89999,-6.2,-5.8,-3.5,4.3,2.2,8.5,3.89999,7.2
"corn",-8.60001,-9.10001,-2.60001,-2.89999,-4.2,-5.8,-0.5,2.3,2.2,9.5,0.899994,6.2
"corn",-11.6,-3.10001,-4.60001,-2.89999,-2.2,-1.8,0.5,4.3,4.2,13.5,0.899994,1.2
"corn",-7.60001,-2.10001,-0.60001,-0.89999,-3.2,-0.8,3.5,8.3,8.2,14.5,-1.10001,4.2
"corn",-6.60001,-4.10001,-1.60001,-0.89999,-2.2,-0.8,-0.5,4.3,8.2,12.5,3.89999,4.2
"corn",-11.6,-5.10001,-4.60001,-2.89999,-4.2,-1.8,-0.5,6.3,7.2,11.5,1.89999,2.2
"corn",-13.6,-6.10001,-4.60001,-2.89999,-7.2,-3.8,-0.5,4.3,8.2,12.5,-5.10001,1.2
"corn",-6.60001,-6.10001,-2.60001,-3.89999,-2.2,-6.8,-3.5,-1.7,-3.8,3.5,3.89999,3.2
"corn",-11.6,-7.10001,-5.60001,-1.89999,-8.2,-3.8,0.5,0.300003,7.2,11.5,4.89999,5.2
"corn",-6.60001,-5.10001,-2.60001,-2.89999,-6.2,-3.8,-0.5,4.3,5.2,9.5,-1.10001,2.2
"corn",-8.60001,-3.10001,-1.60001,-1.89999,-1.2,-4.8,-1.5,6.3,7.2,8.5,-5.10001,0.199997
"corn",-9.60001,-8.10001,-1.60001,0.100006,-4.2,-0.8,1.5,8.3,7.2,15.5,8.89999,7.2
"corn",-11.6,-4.10001,-4.60001,-0.89999,-3.2,0.199997,1.5,8.3,9.2,14.5,3.89999,6.2
"corn",-6.60001,-4.10001,-1.60001,0.100006,-4.2,0.199997,2.5,7.3,9.2,13.5,3.89999,5.2
"corn",-7.60001,-6.10001,-1.60001,-1.89999,-0.2,1.2,2.5,9.3,8.2,15.5,0.899994,6.2
"corn",-8.60001,-3.10001,-2.60001,-0.89999,1.8,2.2,1.5,9.3,9.2,15.5,7.89999,8.2
"corn",-5.60001,-2.10001,1.39999,0.100006,1.8,3.2,2.5,8.3,8.2,13.5,0.899994,2.2
"corn",-4.60001,-3.10001,1.39999,1.10001,1.8,3.2,4.5,9.3,10.2,18.5,5.89999,8.2
"corn",-4.60001,-3.10001,-1.60001,1.10001,-2.2,1.2,2.5,8.3,11.2,13.5,2.89999,2.2
"corn",-5.60001,-3.10001,-1.60001,0.100006,-0.2,0.199997,1.5,7.3,10.2,13.5,4.89999,4.2
"corn",-6.60001,-6.10001,-0.60001,-0.89999,-3.2,1.2,2.5,8.3,8.2,17.5,7.89999,6.2
"corn",-5.60001,-3.10001,-0.60001,-0.89999,1.8,0.199997,2.5,9.3,9.2,14.5,-0.10001,4.2
"corn",-4.60001,-0.10001,-1.60001,0.100006,-0.2,0.199997,2.5,9.3,9.2,15.5,12.9,10.2
"corn",-7.60001,-3.10001,0.399994,0.100006,-0.2,3.2,3.5,7.3,8.2,13.5,14.9,7.2
"corn",-8.60001,-4.10001,-1.60001,-2.89999,-2.2,1.2,2.5,6.3,7.2,11.5,18.9,12.2
"corn",-6.60001,-7.10001,-1.60001,-1.89999,0.800003,-0.8,-0.5,5.3,3.2,8.5,10.9,13.2
"corn",-3.60001,-0.10001,1.39999,2.10001,2.8,3.2,3.5,8.3,9.2,15.5,10.9,5.2
"corn",-7.60001,-4.10001,-1.60001,-0.89999,-1.2,-2.8,3.5,4.3,7.2,16.5,17.9,10.2
"corn",-7.60001,0.899994,-0.60001,0.100006,4.8,2.2,2.5,8.3,9.2,15.5,2.89999,9.2
"corn",-6.60001,-4.10001,-0.60001,-0.89999,1.8,-0.8,1.5,6.3,7.2,11.5,8.89999,11.2
"corn",-3.60001,-3.10001,-0.60001,1.10001,0.800003,0.199997,1.5,8.3,8.2,13.5,6.89999,5.2
"corn",-3.60001,0.899994,0.399994,0.100006,2.8,4.2,2.5,13.3,12.2,16.5,5.89999,5.2
"corn",-5.60001,-1.10001,-2.60001,-0.89999,0.800003,0.199997,0.5,9.3,7.2,12.5,5.89999,6.2
"corn",-3.60001,-2.10001,-0.60001,0.100006,1.8,1.2,1.5,6.3,6.2,14.5,13.9,9.2
"corn",-6.60001,-2.10001,1.39999,-1.89999,-0.2,-0.8,2.5,7.3,8.2,13.5,10.9,7.2
"corn",-8.60001,-3.10001,-2.60001,1.10001,-2.2,1.2,3.5,5.3,9.2,14.5,12.9,19.2
"corn",-1.60001,0.899994,2.39999,2.10001,5.8,2.2,5.5,9.3,8.2,14.5,28.9,15.2
"corn",-7.60001,-6.10001,-1.60001,0.100006,-3.2,-1.8,3.5,6.3,8.2,13.5,12.9,12.2
"corn",-10.6,-6.10001,-3.60001,-2.89999,-5.2,-1.8,-1.5,1.3,1.2,5.5,28.9,15.2
"corn",-8.60001,-3.10001,0.399994,1.10001,-1.2,0.199997,1.5,9.3,10.2,15.5,12.9,4.2
"corn",-7.60001,-1.10001,-2.60001,-0.89999,-2.2,-0.8,-0.5,5.3,5.2,10.5,10.9,7.2
"corn",-9.60001,-6.10001,-2.60001,-2.89999,-1.2,0.199997,-0.5,2.3,1.2,8.5,22.9,19.2
"corn",-9.60001,-6.10001,-3.60001,-2.89999,-5.2,-0.8,-1.5,3.3,5.2,12.5,14.9,13.2
"corn",-8.60001,-3.10001,-0.60001,-0.89999,-1.2,-0.8,1.5,4.3,4.2,12.5,12.9,12.2
"corn",-7.60001,-3.10001,-0.60001,0.100006,0.800003,0.199997,2.5,9.3,11.2,13.5,4.89999,5.2
"corn",-13.6,-13.1,-3.60001,-3.89999,-8.2,-3.8,-1.5,-2.7,1.2,7.5,17.9,13.2
"corn",-2.60001,2.89999,2.39999,4.10001,5.8,4.2,5.5,11.3,11.2,17.5,10.9,9.2
"corn",-7.60001,-5.10001,-1.60001,0.100006,-3.2,-1.8,2.5,4.3,4.2,13.5,22.9,12.2
"corn",-3.60001,-2.10001,1.39999,-0.89999,0.800003,1.2,1.5,6.3,8.2,12.5,8.89999,9.2
"corn",-10.6,-7.10001,-2.60001,-1.89999,-4.2,-1.8,0.5,5.3,6.2,14.5,11.9,13.2
"corn",-8.60001,-6.10001,-1.60001,-2.89999,-3.2,-0.8,1.5,2.3,5.2,9.5,15.9,13.2
"corn",-3.60001,1.89999,0.399994,1.10001,3.8,2.2,2.5,11.3,12.2,17.5,12.9,9.2
"corn",-8.60001,-6.10001,-2.60001,-2.89999,-2.2,-0.8,0.5,4.3,6.2,10.5,11.9,13.2
"oats",0.399994,-1.10001,-0.60001,1.10001,-2.2,-1.8,-1.5,-5.7,-0.8,-1.5,-0.10001,3.2
"oats",-0.60001,-4.10001,-0.60001,-1.89999,-3.2,-3.8,-2.5,-11.7,-7.8,-8.5,5.89999,3.2
"oats",-2.60001,-2.10001,-1.60001,0.100006,-0.2,-1.8,-3.5,-5.7,-4.8,-7.5,-7.10001,2.2
"oats",0.399994,0.899994,0.399994,0.100006,0.800003,1.2,-0.5,-3.7,-1.8,-1.5,-3.10001,2.2
"oats",1.39999,0.899994,2.39999,1.10001,-0.2,-0.8,-0.5,-0.7,-0.8,-1.5,10.9,2.2
"oats",-0.60001,0.899994,1.39999,0.100006,2.8,-0.8,-1.5,-2.7,-2.8,-1.5,-4.10001,2.2
"oats",0.399994,0.899994,0.399994,0.100006,-1.2,-1.8,-0.5,-5.7,-3.8,-3.5,3.89999,1.2
"oats",0.399994,-0.10001,0.399994,-1.89999,0.800003,-0.8,-1.5,-4.7,-4.8,-4.5,4.89999,1.2
"oats",-1.60001,-0.10001,-0.60001,-0.89999,-0.2,-1.8,-3.5,-4.7,-1.8,-6.5,-5.10001,1.2
"oats",-0.60001,-2.10001,2.39999,-0.89999,-0.2,-0.8,-0.5,-3.7,-4.8,-3.5,-1.10001,3.2
"oats",0.399994,-1.10001,-0.60001,1.10001,-4.2,0.199997,-1.5,-3.7,-2.8,-4.5,3.89999,1.2
"oats",-0.60001,-3.10001,-0.60001,-0.89999,-5.2,-4.8,-4.5,-9.7,-9.8,-10.5,3.89999,6.2
"oats",0.399994,-0.10001,-0.60001,-1.89999,-2.2,-3.8,-4.5,-8.7,-7.8,-7.5,6.89999,4.2
"oats",-2.60001,-3.10001,-3.60001,-1.89999,-6.2,-3.8,-3.5,-10.7,-7.8,-9.5,5.89999,8.2
"oats",-3.60001,-1.10001,-0.60001,-0.89999,-3.2,-2.8,-1.5,-4.7,-3.8,-3.5,1.89999,4.2
"oats",-2.60001,-3.10001,-2.60001,-0.89999,-7.2,-3.8,-3.5,-9.7,-8.8,-7.5,0.899994,4.2
"oats",1.39999,-2.10001,1.39999,-2.89999,-1.2,-4.8,-2.5,-5.7,-7.8,-6.5,12.9,4.2
"oats",2.39999,-2.10001,-0.60001,-1.89999,-3.2,-3.8,-1.5,-6.7,-5.8,-8.5,10.9,3.2
"oats",-3.60001,-3.10001,-2.60001,-2.89999,-9.2,-3.8,-6.5,-9.7,-9.8,-10.5,5.89999,3.2
"oats",-2.60001,6.89999,0.399994,0.100006,-0.2,-1.8,-2.5,-3.7,1.2,-0.5,-5.10001,-2.8
"oats",-1.60001,-3.10001,-1.60001,-2.89999,-6.2,-4.8,-4.5,-9.7,-5.8,-8.5,5.89999,0.199997
"oats",-4.60001,-0.10001,0.399994,-0.89999,-2.2,-1.8,-3.5,-3.7,-2.8,-3.5,3.89999,-1.8
"oats",-2.60001,-1.10001,-2.60001,0.100006,-2.2,-2.8,-3.5,-6.7,-6.8,-7.5,7.89999,10.2
"oats",0.399994,-2.10001,-0.60001,-0.89999,-5.2,-3.8,-2.5,-7.7,-7.8,-6.5,9.89999,6.2
"oats",-1.60001,-0.10001,-0.60001,-1.89999,-1.2,-3.8,-4.5,-7.7,-5.8,-9.5,8.89999,6.2
"oats",-0.60001,-0.10001,-0.60001,1.10001,-2.2,-0.8,-1.5,-0.7,1.2,0.5,2.89999,2.2
"oats",-3.60001,-4.10001,-1.60001,-0.89999,-5.2,-5.8,-2.5,-8.7,-3.8,-4.5,3.89999,4.2
"oats",2.39999,2.89999,2.39999,2.10001,2.8,1.2,2.5,1.3,1.2,2.5,-7.10001,-3.8
"oats",0.399994,0.899994,0.399994,1.10001,1.8,1.2,-0.5,2.3,1.2,0.5,-2.10001,-1.8
"oats",3.39999,5.89999,1.39999,4.10001,6.8,5.2,4.5,-1.7,3.2,-0.5,-0.10001,-3.8
"oats",5.39999,3.89999,2.39999,2.10001,6.8,5.2,1.5,1.3,1.2,1.5,-3.10001,-0.8
"oats",3.39999,4.89999,1.39999,2.10001,4.8,6.2,2.5,2.3,3.2,-0.5,-5.10001,0.199997
"oats",4.39999,5.89999,2.39999,3.10001,4.8,6.2,0.5,1.3,1.2,-1.5,3.89999,-3.8
"oats",7.39999,5.89999,3.39999,2.10001,7.8,6.2,4.5,1.3,3.2,2.5,10.9,0.199997
"oats",7.39999,6.89999,3.39999,4.10001,6.8,4.2,1.5,-0.7,-0.8,-2.5,7.89999,-3.8
"oats",5.39999,6.89999,5.39999,2.10001,5.8,4.2,2.5,3.3,3.2,1.5,3.89999,-3.8
"oats",5.39999,3.89999,3.39999,2.10001,5.8,5.2,3.5,2.3,2.2,0.5,0.899994,-1.8
"oats",2.39999,4.89999,3.39999,3.10001,6.8,5.2,1.5,2.3,-0.8,1.5,1.89999,-0.8
"oats",6.39999,3.89999,2.39999,2.10001,8.8,4.2,0.5,-0.7,-1.8,-1.5,3.89999,0.199997
"oats",6.39999,5.89999,3.39999,3.10001,7.8,7.2,2.5,1.3,0.199997,-1.5,-0.10001,-1.8
"oats",5.39999,5.89999,0.399994,3.10001,8.8,4.2,1.5,-0.7,-4.8,-4.5,1.89999,1.2
"oats",4.39999,3.89999,3.39999,3.10001,3.8,5.2,2.5,2.3,4.2,-2.5,1.89999,2.2
"oats",6.39999,3.89999,2.39999,3.10001,6.8,6.2,2.5,5.3,1.2,3.5,0.899994,-3.8
"oats",5.39999,1.89999,3.39999,3.10001,3.8,5.2,2.5,2.3,-0.8,-2.5,5.89999,0.199997
"oats",6.39999,3.89999,1.39999,2.10001,2.8,4.2,0.5,-3.7,-3.8,-7.5,2.89999,-0.8
"oats",5.39999,3.89999,2.39999,3.10001,7.8,6.2,2.5,4.3,4.2,-0.5,-4.10001,-0.8
"oats",4.39999,4.89999,3.39999,4.10001,6.8,6.2,1.5,2.3,3.2,0.5,1.89999,-2.8
"oats",3.39999,5.89999,-0.60001,3.10001,5.8,3.2,0.5,-2.7,-3.8,-5.5,-3.10001,-0.8
"oats",4.39999,0.899994,0.399994,2.10001,2.8,3.2,-1.5,-6.7,-7.8,-8.5,4.89999,2.2
"oats",4.39999,6.89999,2.39999,6.10001,5.8,4.2,2.5,4.3,4.2,0.5,-2.10001,-1.8
"oats",7.39999,4.89999,3.39999,1.10001,4.8,4.2,0.5,-2.7,-2.8,-2.5,16.9,-2.8
"oats",5.39999,4.89999,2.39999,2.10001,5.8,3.2,1.5,-1.7,-1.8,-2.5,4.89999,-0.8
"oats",6.39999,5.89999,4.39999,3.10001,6.8,5.2,1.5,3.3,-0.8,0.5,7.89999,1.2
"oats",5.39999,7.89999,2.39999,5.10001,6.8,7.2,4.5,6.3,6.2,4.5,-6.10001,-2.8
"oats",5.39999,5.89999,3.39999,3.10001,8.8,5.2,0.5,1.3,3.2,0.5,-3.10001,-0.8
"oats",5.39999,6.89999,3.39999,5.10001,5.8,6.2,2.5,8.3,2.2,5.5,-0.10001,-5.8
"oats",4.39999,4.89999,1.39999,2.10001,5.8,4.2,3.5,1.3,1.2,-1.5,-0.10001,-2.8
"oats",5.39999,7.89999,3.39999,3.10001,7.8,6.2,5.5,3.3,5.2,4.5,3.89999,-2.8
"oats",6.39999,3.89999,2.39999,5.10001,6.8,5.2,3.5,3.3,4.2,1.5,-0.10001,-1.8
"oats",6.39999,5.89999,3.39999,4.10001,6.8,7.2,4.5,3.3,4.2,2.5,-1.10001,-8.8
"oats",5.39999,7.89999,2.39999,5.10001,7.8,6.2,3.5,2.3,2.2,0.5,2.89999,1.2
"oats",9.39999,6.89999,4.39999,4.10001,8.8,9.2,3.5,11.3,7.2,6.5,-6.10001,-6.8
"oats",7.39999,5.89999,2.39999,4.10001,6.8,7.2,2.5,5.3,7.2,3.5,1.89999,-7.8
"oats",6.39999,4.89999,3.39999,5.10001,5.8,8.2,2.5,4.3,3.2,3.5,-1.10001,-6.8
"clover",5.39999,5.89999,5.39999,5.10001,7.8,4.2,6.5,11.3,11.2,8.5,-24.1,-15.8
"clover",7.39999,4.89999,4.39999,5.10001,6.8,6.2,2.5,11.3,12.2,5.5,-14.1,-15.8
"clover",5.39999,6.89999,4.39999,5.10001,8.8,8.2,5.5,13.3,16.2,7.5,-21.1,-16.8
"clover",5.39999,5.89999,5.39999,4.10001,9.8,6.2,5.5,14.3,14.2,8.5,-25.1,-19.8
"clover",5.39999,7.89999,5.39999,7.10001,11.8,7.2,7.5,15.3,16.2,13.5,-26.1,-26.8
"clover",4.39999,5.89999,3.39999,6.10001,7.8,7.2,5.5,13.3,15.2,8.5,-24.1,-18.8
"clover",5.39999,6.89999,6.39999,7.10001,9.8,6.2,6.5,16.3,14.2,9.5,-32.1,-22.8
"clover",3.39999,8.89999,6.39999,5.10001,9.8,8.2,7.5,16.3,16.2,11.5,-29.1,-22.8
"clover",7.39999,7.89999,4.39999,6.10001,9.8,8.2,7.5,17.3,18.2,11.5,-37.1,-21.8
"clover",6.39999,8.89999,4.39999,7.10001,11.8,8.2,7.5,16.3,16.2,9.5,-41.1,-25.8
"clover",6.39999,6.89999,6.39999,5.10001,9.8,9.2,7.5,17.3,17.2,9.5,-34.1,-26.8
"clover",8.39999,6.89999,4.39999,6.10001,11.8,8.2,6.5,15.3,15.2,10.5,-21.1,-21.8
"clover",8.39999,8.89999,5.39999,6.10001,12.8,9.2,6.5,18.3,16.2,10.5,-33.1,-19.8
"clover",7.39999,6.89999,5.39999,6.10001,9.8,7.2,6.5,15.3,14.2,10.5,-30.1,-20.8
"clover",6.39999,6.89999,3.39999,6.10001,11.8,7.2,6.5,15.3,15.2,11.5,-30.1,-24.8
"clover",6.39999,5.89999,2.39999,5.10001,8.8,5.2,5.5,12.3,16.2,9.5,-32.1,-27.8
"clover",4.39999,0.899994,1.39999,4.10001,7.8,4.2,4.5,13.3,12.2,6.5,-36.1,-19.8
"clover",6.39999,4.89999,1.39999,3.10001,6.8,4.2,3.5,13.3,12.2,5.5,-36.1,-19.8
"clover",6.39999,5.89999,3.39999,5.10001,8.8,6.2,4.5,13.3,13.2,7.5,-44.1,-22.8
"clover",7.39999,5.89999,5.39999,5.10001,9.8,4.2,5.5,13.3,12.2,9.5,-28.1,-22.8
"clover",7.39999,4.89999,3.39999,5.10001,8.8,6.2,5.5,14.3,14.2,7.5,-39.1,-21.8
"clover",5.39999,3.89999,2.39999,4.10001,3.8,3.2,4.5,10.3,11.2,5.5,-34.1,-18.8
"clover",6.39999,3.89999,5.39999,5.10001,9.8,5.2,6.5,15.3,12.2,8.5,-35.1,-26.8
"clover",5.39999,3.89999,5.39999,4.10001,6.8,3.2,4.5,12.3,13.2,7.5,-26.1,-18.8
"clover",6.39999,5.89999,5.39999,6.10001,8.8,5.2,5.5,13.3,13.2,5.5,-24.1,-30.8
"clover",5.39999,3.89999,3.39999,4.10001,8.8,3.2,3.5,13.3,12.2,2.5,-42.1,-29.8
"clover",4.39999,5.89999,4.39999,5.10001,8.8,4.2,4.5,14.3,14.2,6.5,-41.1,-27.8
"clover",4.39999,5.89999,3.39999,5.10001,7.8,6.2,5.5,14.3,14.2,4.5,-55.1,-24.8
"clover",5.39999,5.89999,3.39999,4.10001,8.8,5.2,5.5,15.3,16.2,5.5,-42.1,-22.8
"clover",5.39999,3.89999,4.39999,4.10001,9.8,2.2,3.5,15.3,16.2,4.5,-55.1,-35.8
"clover",4.39999,6.89999,4.39999,5.10001,8.8,2.2,3.5,13.3,14.2,3.5,-46.1,-35.8
"clover",5.39999,4.89999,4.39999,6.10001,7.8,3.2,3.5,13.3,15.2,4.5,-48.1,-33.8
"clover",6.39999,4.89999,7.39999,7.10001,9.8,4.2,6.5,15.3,16.2,3.5,-46.1,-26.8
"clover",5.39999,4.89999,4.39999,6.10001,8.8,5.2,6.5,16.3,14.2,6.5,-58.1,-29.8
"clover",6.39999,4.89999,3.39999,5.10001,8.8,4.2,4.5,13.3,13.2,6.5,-36.1,-29.8
"clover",6.39999,6.89999,4.39999,5.10001,9.8,6.2,5.5,13.3,13.2,6.5,-41.1,-21.8
"clover",7.39999,4.89999,6.39999,5.10001,8.8,3.2,4.5,15.3,15.2,2.5,-51.1,-28.8
"clover",5.39999,3.89999,5.39999,6.10001,7.8,5.2,4.5,13.3,12.2,8.5,-21.1,-18.8
"clover",5.39999,6.89999,4.39999,7.10001,9.8,4.2,4.5,13.3,14.2,7.5,-32.1,-24.8
"clover",5.39999,5.89999,4.39999,6.10001,8.8,3.2,3.5,12.3,12.2,5.5,-20.1,-21.8
"clover",7.39999,4.89999,5.39999,5.10001,7.8,4.2,4.5,14.3,14.2,6.5,-35.1,-22.8
"clover",6.39999,5.89999,3.39999,5.10001,6.8,2.2,4.5,11.3,12.2,5.5,-24.1,-19.8
"clover",5.39999,5.89999,2.39999,6.10001,9.8,2.2,5.5,15.3,13.2,6.5,-38.1,-24.8
"clover",6.39999,6.89999,3.39999,6.10001,8.8,4.2,5.5,14.3,16.2,6.5,-36.1,-24.8
"clover",4.39999,7.89999,4.39999,5.10001,9.8,3.2,3.5,13.3,14.2,4.5,-41.1,-21.8
"clover",4.39999,5.89999,4.39999,5.10001,10.8,4.2,6.5,14.3,15.2,7.5,-35.1,-30.8
"clover",7.39999,6.89999,5.39999,7.10001,13.8,5.2,4.5,14.3,17.2,10.5,-32.1,-25.8
"clover",6.39999,2.89999,3.39999,4.10001,7.8,4.2,5.5,15.3,13.2,7.5,-35.1,-24.8
"clover",4.39999,4.89999,2.39999,6.10001,9.8,4.2,2.5,16.3,12.2,8.5,-36.1,-22.8
"clover",6.39999,2.89999,3.39999,4.10001,7.8,5.2,5.5,13.3,13.2,6.5,-26.1,-16.8
"clover",6.39999,3.89999,3.39999,6.10001,8.8,5.2,4.5,14.3,13.2,7.5,-36.1,-20.8
"clover",5.39999,6.89999,4.39999,7.10001,10.8,5.2,6.5,17.3,17.2,10.5,-37.1,-20.8
"clover",6.39999,4.89999,4.39999,6.10001,11.8,4.2,5.5,17.3,15.2,10.5,-38.1,-22.8
"clover",4.39999,4.89999,5.39999,7.10001,8.8,2.2,5.5,18.3,15.2,7.5,-37.1,-25.8
"clover",7.39999,4.89999,5.39999,6.10001,9.8,5.2,6.5,15.3,17.2,8.5,-38.1,-25.8
"clover",6.39999,5.89999,3.39999,5.10001,9.8,4.2,4.5,15.3,17.2,8.5,-44.1,-25.8
"clover",7.39999,4.89999,5.39999,5.10001,10.8,4.2,3.5,15.3,16.2,6.5,-34.1,-21.8
"clover",6.39999,5.89999,4.39999,6.10001,10.8,4.2,4.5,16.3,16.2,8.5,-47.1,-32.8
"clover",6.39999,6.89999,4.39999,6.10001,10.8,4.2,6.5,17.3,15.2,8.5,-38.1,-23.8
"clover",5.39999,6.89999,5.39999,5.10001,8.8,4.2,6.5,15.3,15.2,7.5,-40.1,-21.8
"clover",9.39999,5.89999,6.39999,7.10001,12.8,5.2,5.5,16.3,17.2,9.5,-37.1,-31.8
"clover",7.39999,5.89999,5.39999,6.10001,10.8,4.2,4.5,15.3,16.2,9.5,-41.1,-27.8
"rye",-0.60001,-0.10001,-1.60001,-4.89999,-10.2,-7.8,-6.5,-17.7,-12.8,-12.5,18.9,10.2
"rye",-0.60001,-8.10001,-3.60001,-5.89999,-10.2,-10.8,-6.5,-18.7,-14.8,-13.5,22.9,12.2
"rye",-0.60001,-3.10001,-3.60001,-4.89999,-7.2,-8.8,-8.5,-13.7,-11.8,-10.5,8.89999,4.2
"rye",-0.60001,-4.10001,-5.60001,-6.89999,-11.2,-12.8,-10.5,-21.7,-16.8,-16.5,17.9,10.2
"rye",-1.60001,-4.10001,-7.60001,-6.89999,-13.2,-9.8,-7.5,-20.7,-15.8,-13.5,12.9,13.2
"rye",1.39999,-0.10001,-2.60001,-2.89999,-11.2,-9.8,-8.5,-18.7,-13.8,-14.5,8.89999,9.2
"rye",-0.60001,-7.10001,-5.60001,-3.89999,-15.2,-11.8,-8.5,-20.7,-15.8,-13.5,18.9,12.2
"rye",-0.60001,-4.10001,-3.60001,-3.89999,-10.2,-8.8,-5.5,-16.7,-12.8,-12.5,24.9,9.2
"rye",-1.60001,-3.10001,-4.60001,-5.89999,-13.2,-10.8,-8.5,-21.7,-14.8,-14.5,12.9,13.2
"rye",-6.60001,-6.10001,-5.60001,-6.89999,-16.2,-12.8,-10.5,-21.7,-17.8,-18.5,15.9,11.2
"rye",-0.60001,-4.10001,-5.60001,-4.89999,-13.2,-9.8,-8.5,-20.7,-16.8,-13.5,18.9,11.2
"rye",-7.60001,-9.10001,-5.60001,-8.89999,-15.2,-14.8,-6.5,-20.7,-17.8,-14.5,22.9,10.2
"rye",-4.60001,-8.10001,-5.60001,-6.89999,-14.2,-12.8,-8.5,-16.7,-15.8,-13.5,20.9,11.2
"rye",-1.60001,-4.10001,-6.60001,-5.89999,-12.2,-9.8,-10.5,-16.7,-17.8,-11.5,17.9,12.2
"rye",-5.60001,-10.1,-7.60001,-10.9,-18.2,-14.8,-14.5,-26.7,-24.8,-23.5,15.9,8.2
"rye",-4.60001,-8.10001,-6.60001,-6.89999,-15.2,-10.8,-8.5,-23.7,-17.8,-16.5,20.9,17.2
"rye",0.399994,-4.10001,-2.60001,-5.89999,-14.2,-11.8,-7.5,-18.7,-19.8,-13.5,15.9,5.2
"rye",-4.60001,-10.1,-5.60001,-8.89999,-17.2,-15.8,-10.5,-25.7,-23.8,-19.5,18.9,13.2
"rye",-0.60001,-5.10001,-5.60001,-6.89999,-12.2,-10.8,-7.5,-19.7,-17.8,-12.5,21.9,13.2
"rye",-1.60001,-6.10001,-6.60001,-6.89999,-16.2,-11.8,-11.5,-22.7,-22.8,-20.5,18.9,11.2
"rye",-5.60001,-11.1,-8.60001,-9.89999,-18.2,-13.8,-12.5,-26.7,-24.8,-22.5,15.9,12.2
"rye",-1.60001,-5.10001,-5.60001,-4.89999,-12.2,-9.8,-10.5,-20.7,-16.8,-14.5,20.9,12.2
"rye",-4.60001,-8.10001,-4.60001,-5.89999,-14.2,-11.8,-8.5,-19.7,-19.8,-18.5,20.9,12.2
"rye",-1.60001,-9.10001,-3.60001,-5.89999,-13.2,-9.8,-7.5,-20.7,-19.8,-17.5,20.9,16.2
"rye",-0.60001,-1.10001,-3.60001,-3.89999,-10.2,-7.8,-10.5,-17.7,-15.8,-12.5,10.9,13.2
"rye",-1.60001,-6.10001,-5.60001,-6.89999,-13.2,-12.8,-11.5,-23.7,-21.8,-17.5,19.9,12.2
"rye",0.399994,-4.10001,-3.60001,-4.89999,-12.2,-10.8,-9.5,-17.7,-16.8,-15.5,10.9,12.2
"rye",0.399994,-5.10001,-4.60001,-4.89999,-8.2,-10.8,-8.5,-21.7,-18.8,-14.5,16.9,13.2
"rye",0.399994,-3.10001,-3.60001,-3.89999,-11.2,-7.8,-6.5,-16.7,-14.8,-9.5,22.9,9.2
"rye",-1.60001,-4.10001,-4.60001,-5.89999,-7.2,-10.8,-9.5,-21.7,-17.8,-14.5,15.9,12.2
"rye",0.399994,-2.10001,-3.60001,-3.89999,-10.2,-9.8,-8.5,-17.7,-13.8,-13.5,14.9,11.2
"rye",0.399994,-0.10001,-3.60001,-2.89999,-11.2,-5.8,-7.5,-15.7,-11.8,-11.5,13.9,12.2
"rye",-1.60001,-3.10001,-4.60001,-4.89999,-9.2,-7.8,-6.5,-16.7,-11.8,-12.5,15.9,11.2
"rye",1.39999,-4.10001,-2.60001,-5.89999,-9.2,-7.8,-7.5,-18.7,-15.8,-12.5,21.9,11.2
"rye",3.39999,-3.10001,-2.60001,-4.89999,-10.2,-6.8,-4.5,-15.7,-13.8,-9.5,19.9,13.2
"rye",0.399994,-5.10001,-2.60001,-7.89999,-11.2,-12.8,-10.5,-19.7,-18.8,-16.5,16.9,9.2
"rye",-0.60001,-2.10001,-4.60001,-5.89999,-11.2,-5.8,-8.5,-19.7,-16.8,-13.5,16.9,14.2
"rye",1.39999,-1.10001,-2.60001,-4.89999,-8.2,-6.8,-7.5,-16.7,-11.8,-9.5,17.9,13.2
"rye",0.399994,-2.10001,-3.60001,-6.89999,-12.2,-8.8,-7.5,-21.7,-18.8,-14.5,18.9,14.2
"rye",-1.60001,-3.10001,-4.60001,-5.89999,-15.2,-8.8,-8.5,-18.7,-15.8,-12.5,14.9,9.2
"rye",0.399994,-1.10001,-2.60001,-2.89999,-11.2,-5.8,-6.5,-13.7,-11.8,-11.5,18.9,14.2
"rye",-3.60001,-4.10001,-5.60001,-5.89999,-10.2,-10.8,-8.5,-17.7,-16.8,-13.5,18.9,12.2
"rye",-0.60001,-4.10001,-4.60001,-4.89999,-11.2,-7.8,-7.5,-16.7,-10.8,-9.5,19.9,13.2
"rye",-1.60001,-2.10001,-4.60001,-2.89999,-7.2,-9.8,-8.5,-13.7,-12.8,-9.5,13.9,12.2
"rye",0.399994,-1.10001,-2.60001,-4.89999,-10.2,-8.8,-6.5,-18.7,-15.8,-12.5,18.9,9.2
"rye",-1.60001,-4.10001,-3.60001,-5.89999,-10.2,-7.8,-8.5,-16.7,-13.8,-11.5,15.9,12.2
"rye",0.399994,-2.10001,-1.60001,-2.89999,-8.2,-6.8,-5.5,-13.7,-13.8,-9.5,22.9,16.2
"rye",-1.60001,-5.10001,-7.60001,-4.89999,-10.2,-8.8,-10.5,-22.7,-16.8,-14.5,17.9,11.2
"rye",-2.60001,-2.10001,-4.60001,-5.89999,-9.2,-6.8,-7.5,-14.7,-13.8,-10.5,14.9,13.2
"rye",-1.60001,0.899994,-3.60001,-4.89999,-10.2,-7.8,-6.5,-16.7,-11.8,-8.5,19.9,13.2
"rye",0.399994,-7.10001,-2.60001,-5.89999,-12.2,-9.8,-7.5,-18.7,-16.8,-14.5,14.9,9.2
"rye",0.399994,-2.10001,-1.60001,-5.89999,-7.2,-5.8,-5.5,-14.7,-12.8,-8.5,17.9,12.2
"rye",-2.60001,-6.10001,-6.60001,-4.89999,-14.2,-10.8,-9.5,-22.7,-19.8,-16.5,20.9,14.2
"rye",-0.60001,-4.10001,-4.60001,-5.89999,-12.2,-8.8,-8.5,-16.7,-14.8,-12.5,16.9,13.2
"rye",0.399994,-4.10001,-2.60001,-4.89999,-10.2,-8.8,-7.5,-15.7,-13.8,-7.5,17.9,12.2
"rye",2.39999,-6.10001,-3.60001,-4.89999,-10.2,-7.8,-6.5,-19.7,-18.8,-14.5,23.9,14.2
"rye",1.39999,-0.10001,-1.60001,-1.89999,-8.2,-4.8,-4.5,-10.7,-7.8,-4.5,23.9,12.2
"rye",-0.60001,-2.10001,-1.60001,-4.89999,-9.2,-5.8,-5.5,-14.7,-11.8,-10.5,22.9,11.2
"rye",-3.60001,-1.10001,-5.60001,-5.89999,-13.2,-8.8,-7.5,-18.7,-16.8,-13.5,22.9,13.2
"rye",2.39999,-0.10001,-4.60001,-3.89999,-7.2,-6.8,-8.5,-11.7,-13.8,-12.5,17.9,12.2
"rye",-3.60001,-3.10001,-7.60001,-4.89999,-11.2,-8.8,-8.5,-18.7,-14.8,-11.5,20.9,12.2
"soy",-3.60001,-2.10001,0.399994,0.100006,-0.2,4.2,2.5,4.3,1.2,7.5,22.9,17.2
"soy",-3.60001,-1.10001,0.399994,-0.89999,1.8,2.2,1.5,4.3,3.2,7.5,21.9,14.2
"soy",-2.60001,-0.10001,-1.60001,1.10001,1.8,2.2,2.5,3.3,2.2,7.5,18.9,16.2
"soy",-2.60001,-2.10001,-0.60001,0.100006,1.8,3.2,2.5,5.3,2.2,6.5,19.9,13.2
"soy",-2.60001,-0.10001,-0.60001,0.100006,3.8,3.2,1.5,3.3,2.2,4.5,23.9,12.2
"soy",-10.6,-6.10001,-5.60001,-6.89999,-8.2,-5.8,-4.5,-4.7,-3.8,-1.5,9.89999,14.2
"soy",-11.6,-8.10001,-5.60001,-5.89999,-9.2,-4.8,-1.5,-1.7,1.2,2.5,10.9,12.2
"soy",-10.6,-6.10001,-4.60001,-4.89999,-9.2,-4.8,-1.5,-2.7,-2.8,2.5,23.9,13.2
"soy",-9.60001,-10.1,-4.60001,-3.89999,-8.2,-3.8,-3.5,-1.7,-3.8,1.5,15.9,11.2
"soy",-9.60001,-9.10001,-4.60001,-2.89999,-6.2,-3.8,-3.5,-2.7,-4.8,2.5,14.9,13.2
"soy",-10.6,-6.10001,-5.60001,-4.89999,-5.2,-4.8,-0.5,-4.7,-0.8,2.5,16.9,13.2
"soy",-7.60001,-8.10001,-3.60001,-4.89999,-6.2,-4.8,-1.5,-2.7,-2.8,2.5,21.9,13.2
"soy",-11.6,-7.10001,-6.60001,-3.89999,-8.2,-3.8,-2.5,-3.7,-1.8,2.5,19.9,13.2
"soy",-6.60001,-8.10001,-5.60001,-4.89999,-6.2,-2.8,-1.5,-2.7,-0.8,3.5,13.9,20.2
"soy",-6.60001,-7.10001,-1.60001,-3.89999,-4.2,-1.8,0.5,-0.7,-0.8,5.5,17.9,12.2
"soy",-9.60001,-7.10001,-5.60001,-3.89999,-8.2,-2.8,-1.5,-2.7,-0.8,2.5,19.9,11.2
"soy",-8.60001,-6.10001,-6.60001,-1.89999,-7.2,-3.8,-2.5,-0.7,-1.8,2.5,17.9,14.2
"soy",-10.6,-7.10001,-4.60001,-5.89999,-8.2,-4.8,-1.5,-1.7,-2.8,3.5,19.9,8.2
"soy",-8.60001,-7.10001,-3.60001,-3.89999,-6.2,-2.8,0.5,-1.7,-1.8,4.5,18.9,16.2
"soy",-7.60001,-5.10001,-4.60001,-2.89999,-5.2,-1.8,-0.5,-0.7,-0.8,3.5,18.9,15.2
"soy",-8.60001,-5.10001,-4.60001,-3.89999,-5.2,-2.8,-1.5,1.3,0.199997,2.5,18.9,13.2
"soy",-7.60001,-6.10001,-2.60001,-2.89999,-5.2,-2.8,-1.5,-0.7,0.199997,2.5,19.9,17.2
"soy",-8.60001,-2.10001,-0.60001,-3.89999,-2.2,-1.8,0.5,0.300003,2.2,5.5,22.9,12.2
"soy",-9.60001,-5.10001,-5.60001,-2.89999,-6.2,-1.8,-0.5,-1.7,-0.8,3.5,19.9,12.2
"soy",-7.60001,-6.10001,-3.60001,-2.89999,-4.2,-2.8,-0.5,0.300003,-0.8,3.5,19.9,14.2
"soy",-5.60001,-8.10001,-2.60001,-2.89999,-4.2,0.199997,1.5,1.3,2.2,7.5,21.9,16.2
"soy",-5.60001,-5.10001,-0.60001,-2.89999,-4.2,-1.8,1.5,1.3,0.199997,7.5,23.9,15.2
"soy",-7.60001,-5.10001,-4.60001,-3.89999,-4.2,-2.8,-0.5,1.3,1.2,6.5,19.9,13.2
"soy",-9.60001,-7.10001,-3.60001,-4.89999,-3.2,-1.8,0.5,-0.7,0.199997,4.5,24.9,17.2
"soy",-6.60001,-4.10001,-2.60001,-1.89999,-5.2,-1.8,-0.5,2.3,3.2,8.5,21.9,13.2
"soy",-7.60001,-6.10001,-1.60001,0.100006,-2.2,-0.8,1.5,1.3,3.2,8.5,16.9,16.2
"soy",-4.60001,-4.10001,-1.60001,-0.89999,-3.2,-1.8,0.5,4.3,2.2,6.5,16.9,14.2
"soy",-5.60001,-5.10001,-2.60001,-2.89999,-4.2,-1.8,0.5,2.3,5.2,8.5,20.9,12.2
"soy",-7.60001,-5.10001,-2.60001,-2.89999,-4.2,-1.8,-0.5,-0.7,-1.8,4.5,19.9,13.2
"soy",-4.60001,-3.10001,-1.60001,-2.89999,-3.2,-0.8,2.5,4.3,5.2,10.5,7.89999,14.2
"soy",-6.60001,-6.10001,-3.60001,-2.89999,-5.2,-0.8,-0.5,-0.7,-0.8,3.5,21.9,18.2
"soy",-5.60001,-4.10001,0.399994,0.100006,-3.2,1.2,0.5,10.3,4.2,10.5,17.9,11.2
"soy",-5.60001,-6.10001,-2.60001,-3.89999,-7.2,-1.8,-1.5,-2.7,-1.8,4.5,20.9,16.2
"soy",-5.60001,-4.10001,-3.60001,-2.89999,-1.2,-0.8,-2.5,5.3,3.2,8.5,20.9,14.2
"soy",-7.60001,-6.10001,-2.60001,-1.89999,-4.2,-0.8,0.5,2.3,5.2,7.5,17.9,12.2
"soy",-5.60001,-4.10001,-1.60001,-2.89999,-1.2,-0.8,0.5,3.3,3.2,7.5,18.9,13.2
"soy",-7.60001,-4.10001,-3.60001,-1.89999,-3.2,-1.8,-1.5,2.3,1.2,6.5,19.9,18.2
"soy",-6.60001,-7.10001,-2.60001,-2.89999,-3.2,-1.8,-1.5,0.300003,1.2,6.5,16.9,13.2
"soy",-8.60001,-9.10001,-5.60001,-4.89999,-9.2,-2.8,-1.5,-4.7,-5.8,-1.5,26.9,22.2
"soy",-8.60001,-8.10001,-4.60001,-6.89999,-8.2,-1.8,-1.5,-5.7,-7.8,-1.5,33.9,24.2
"soy",-8.60001,-9.10001,-6.60001,-3.89999,-6.2,-2.8,-2.5,-6.7,-8.8,-1.5,25.9,19.2
"soy",-7.60001,-10.1,-3.60001,-3.89999,-3.2,-3.8,-2.5,-7.7,-7.8,-1.5,23.9,21.2
"soy",-10.6,-8.10001,-3.60001,-5.89999,-6.2,-2.8,-1.5,-4.7,-5.8,1.5,30.9,19.2
"soy",-5.60001,-7.10001,-3.60001,-5.89999,-8.2,-2.8,-1.5,-6.7,-8.8,-1.5,29.9,19.2
"soy",-7.60001,-9.10001,-2.60001,-5.89999,-7.2,-2.8,-1.5,-5.7,-5.8,-0.5,27.9,17.2
"soy",-8.60001,-6.10001,-7.60001,-3.89999,-6.2,-2.8,-1.5,-2.7,-3.8,1.5,23.9,17.2
"soy",-9.60001,-7.10001,-7.60001,-5.89999,-6.2,-5.8,-3.5,-6.7,-7.8,-2.5,26.9,14.2
"soy",-7.60001,-7.10001,-5.60001,-4.89999,-5.2,-1.8,-2.5,-6.7,-7.8,-1.5,28.9,21.2
"soy",-7.60001,-5.10001,-3.60001,-3.89999,-5.2,-1.8,-1.5,-1.7,-1.8,2.5,24.9,19.2
"soy",-5.60001,-8.10001,-3.60001,-3.89999,-8.2,-2.8,-1.5,-5.7,-5.8,1.5,29.9,20.2
"soy",-8.60001,-8.10001,-4.60001,-2.89999,-9.2,-3.8,-1.5,-6.7,-6.8,-2.5,29.9,17.2
"soy",-4.60001,-6.10001,-2.60001,-1.89999,-2.2,2.2,2.5,2.3,3.2,6.5,27.9,20.2
"soy",-4.60001,-5.10001,-1.60001,-1.89999,-6.2,-0.8,1.5,-0.7,-1.8,3.5,20.9,22.2
"soy",-12.6,-11.1,-8.60001,-5.89999,-9.2,-6.8,-5.5,-11.7,-9.8,-2.5,17.9,15.2
"soy",-9.60001,-7.10001,-5.60001,-3.89999,-5.2,-3.8,-1.5,-1.7,-2.8,0.5,20.9,12.2
"soy",-4.60001,-4.10001,-2.60001,-0.89999,-1.2,1.2,1.5,1.3,1.2,6.5,23.9,15.2
"wheat",8.39999,3.89999,1.39999,-0.89999,-0.2,5.2,-0.5,-10.7,-15.8,-10.5,33.9,18.2
"wheat",8.39999,3.89999,1.39999,-0.89999,-0.2,5.2,-0.5,-8.7,-14.8,-11.5,37.9,22.2
"wheat",5.39999,2.89999,1.39999,-0.89999,-0.2,5.2,-0.5,-7.7,-14.8,-8.5,31.9,21.2
"wheat",7.39999,4.89999,1.39999,-1.89999,3.8,3.2,-1.5,-13.7,-17.8,-14.5,33.9,17.2
"wheat",8.39999,7.89999,3.39999,0.100006,0.800003,6.2,0.5,-11.7,-13.8,-11.5,26.9,19.2
"wheat",7.39999,5.89999,2.39999,-0.89999,3.8,5.2,-0.5,-10.7,-17.8,-13.5,29.9,20.2
"wheat",9.39999,4.89999,2.39999,0.100006,2.8,5.2,1.5,-10.7,-16.8,-12.5,25.9,21.2
"wheat",6.39999,3.89999,0.399994,-1.89999,-0.2,5.2,-0.5,-9.7,-15.8,-13.5,31.9,18.2
"wheat",8.39999,5.89999,3.39999,0.100006,2.8,4.2,1.5,-11.7,-16.8,-12.5,36.9,21.2
"wheat",10.4,3.89999,1.39999,-1.89999,-2.2,1.2,0.5,-13.7,-18.8,-14.5,31.9,15.2
"wheat",6.39999,4.89999,-0.60001,-1.89999,0.800003,3.2,-1.5,-11.7,-17.8,-15.5,28.9,17.2
"wheat",6.39999,2.89999,-1.60001,-2.89999,-1.2,4.2,-2.5,-13.7,-17.8,-14.5,30.9,20.2
"wheat",9.39999,5.89999,2.39999,0.100006,1.8,7.2,2.5,-8.7,-12.8,-9.5,34.9,20.2
"wheat",9.39999,3.89999,2.39999,-0.89999,-1.2,4.2,0.5,-13.7,-18.8,-13.5,24.9,21.2
"wheat",6.39999,4.89999,0.399994,-1.89999,0.800003,4.2,-2.5,-9.7,-18.8,-14.5,25.9,18.2
"wheat",8.39999,2.89999,-1.60001,-0.89999,0.800003,2.2,-1.5,-11.7,-16.8,-16.5,28.9,19.2
"wheat",6.39999,2.89999,-0.60001,-0.89999,-0.2,4.2,-0.5,-14.7,-18.8,-16.5,28.9,14.2
"wheat",4.39999,-0.10001,-1.60001,-0.89999,-2.2,3.2,-0.5,-12.7,-18.8,-13.5,28.9,19.2
"wheat",4.39999,-0.10001,-1.60001,-1.89999,0.800003,2.2,-1.5,-12.7,-17.8,-13.5,26.9,20.2
"wheat",6.39999,3.89999,-1.60001,-0.89999,-1.2,2.2,-1.5,-15.7,-19.8,-15.5,29.9,20.2
"wheat",4.39999,2.89999,-1.60001,-0.89999,-1.2,3.2,-1.5,-11.7,-15.8,-16.5,20.9,12.2
"wheat",2.39999,1.89999,0.399994,-0.89999,-4.2,1.2,-1.5,-13.7,-18.8,-18.5,25.9,12.2
"wheat",5.39999,3.89999,0.399994,-2.89999,-1.2,1.2,-3.5,-16.7,-19.8,-20.5,22.9,10.2
"wheat",4.39999,1.89999,-0.60001,-1.89999,1.8,2.2,-2.5,-14.7,-17.8,-16.5,19.9,7.2
"wheat",5.39999,2.89999,-0.60001,-2.89999,0.800003,1.2,-1.5,-12.7,-20.8,-17.5,21.9,6.2
"wheat",2.39999,-1.10001,-0.60001,-1.89999,-2.2,0.199997,-2.5,-14.7,-18.8,-20.5,26.9,11.2
"wheat",4.39999,0.899994,0.399994,0.100006,-2.2,2.2,-0.5,-12.7,-17.8,-15.5,21.9,9.2
"wheat",2.39999,-1.10001,-0.60001,-0.89999,-3.2,0.199997,-2.5,-13.7,-16.8,-14.5,14.9,13.2
"wheat",5.39999,-0.10001,1.39999,-2.89999,-1.2,0.199997,-4.5,-13.7,-22.8,-18.5,20.9,13.2
"wheat",5.39999,4.89999,0.399994,0.100006,-0.2,2.2,-0.5,-12.7,-15.8,-15.5,23.9,9.2
"wheat",4.39999,-0.10001,-0.60001,0.100006,-2.2,3.2,-1.5,-13.7,-18.8,-17.5,21.9,10.2
"wheat",7.39999,3.89999,0.399994,-0.89999,1.8,3.2,-1.5,-11.7,-16.8,-15.5,23.9,10.2
"wheat",5.39999,4.89999,-0.60001,1.10001,1.8,4.2,0.5,-8.7,-11.8,-12.5,17.9,10.2
"wheat",4.39999,2.89999,2.39999,1.10001,0.800003,5.2,0.5,-13.7,-15.8,-17.5,19.9,10.2
"wheat",8.39999,2.89999,4.39999,4.10001,2.8,5.2,0.5,-8.7,-16.8,-11.5,24.9,6.2
"wheat",4.39999,3.89999,0.399994,-1.89999,0.800003,3.2,-1.5,-13.7,-18.8,-16.5,17.9,13.2
"wheat",6.39999,3.89999,1.39999,1.10001,1.8,2.2,-1.5,-11.7,-14.8,-12.5,23.9,6.2
"wheat",3.39999,1.89999,0.399994,-0.89999,-3.2,2.2,-1.5,-10.7,-18.8,-14.5,23.9,12.2
"wheat",5.39999,2.89999,1.39999,-0.89999,1.8,3.2,-1.5,-10.7,-16.8,-15.5,24.9,12.2
"wheat",5.39999,2.89999,-1.60001,-1.89999,-1.2,2.2,-1.5,-10.7,-16.8,-15.5,22.9,13.2
"wheat",2.39999,0.899994,0.399994,-0.89999,-2.2,2.2,-2.5,-13.7,-16.8,-18.5,22.9,11.2
"wheat",7.39999,2.89999,2.39999,-1.89999,-2.2,3.2,-0.5,-13.7,-19.8,-20.5,29.9,9.2
"wheat",2.39999,1.89999,0.399994,-2.89999,-2.2,-0.8,-3.5,-17.7,-23.8,-24.5,25.9,7.2
"wheat",3.39999,2.89999,-1.60001,-2.89999,-2.2,-0.8,-2.5,-15.7,-19.8,-20.5,19.9,12.2
"wheat",2.39999,-2.10001,-0.60001,-4.89999,-7.2,1.2,-2.5,-16.7,-21.8,-19.5,21.9,13.2
"wheat",3.39999,2.89999,-0.60001,-1.89999,-1.2,0.199997,-1.5,-13.7,-16.8,-14.5,21.9,7.2
"wheat",4.39999,-2.10001,-0.60001,-2.89999,-3.2,-0.8,-2.5,-16.7,-21.8,-19.5,21.9,12.2
"wheat",3.39999,-0.10001,-3.60001,-2.89999,-5.2,1.2,-3.5,-13.7,-17.8,-19.5,15.9,12.2
"wheat",3.39999,-1.10001,-1.60001,-2.89999,-4.2,1.2,-4.5,-14.7,-20.8,-16.5,22.9,15.2
"wheat",4.39999,-0.10001,-0.60001,-1.89999,-2.2,1.2,-0.5,-12.7,-18.8,-17.5,23.9,10.2
"wheat",3.39999,-3.10001,-1.60001,-3.89999,-7.2,-0.8,-2.5,-15.7,-20.8,-19.5,22.9,8.2
"wheat",3.39999,-0.10001,-1.60001,-2.89999,-4.2,0.199997,-3.5,-16.7,-19.8,-14.5,24.9,14.2
"wheat",-2.60001,-4.10001,-3.60001,-2.89999,-7.2,-0.8,-5.5,-16.7,-20.8,-19.5,23.9,17.2
"wheat",3.39999,-0.10001,0.399994,-1.89999,-4.2,0.199997,-2.5,-17.7,-21.8,-20.5,24.9,12.2
"wheat",-1.60001,-2.10001,-0.60001,-1.89999,-2.2,0.199997,-1.5,-14.7,-18.8,-18.5,21.9,11.2
"wheat",1.39999,-0.10001,-3.60001,-1.89999,-4.2,2.2,-2.5,-14.7,-18.8,-18.5,15.9,13.2
"wheat",-5.60001,-4.10001,-2.60001,-1.89999,-4.2,1.2,-4.5,-10.7,-16.8,-16.5,20.9,14.2
"wheat",4.39999,0.899994,-0.60001,-2.89999,-2.2,0.199997,-2.5,-15.7,-19.8,-16.5,18.9,13.2
"wheat",3.39999,6.89999,3.39999,3.10001,5.8,7.2,3.5,-6.7,2.2,-8.5,17.9,13.2
"wheat",2.39999,-0.10001,-1.60001,-2.89999,-4.2,3.2,-3.5,-12.7,-18.8,-18.5,19.9,12.2
